--DLP Products
insert into product (product_type,id,obj_version,erights_id,landing_page, product_name, division_id, registerable_product_id, email, service_level_agreement) values ('REGISTERABLE','A4B9CF0A-F327-4A67-976A-644DA02F2732', 0, 103647, 'http://dev.eac.uk.oup.com/eacSampleSite/protected/release3/elt/network-1.jsp', 'Network 1 Online Practice (PK/C)', (select id from division where division_type='ELT'), null, null, null);
insert into product (product_type,id,obj_version,erights_id,landing_page, product_name, division_id, registerable_product_id, email, service_level_agreement) values ('REGISTERABLE','BE997465-5FCF-4415-8F94-A2232861C0D8', 0, 103648, 'http://dev.eac.uk.oup.com/eacSampleSite/protected/release3/elt/network-2.jsp', 'Network 2 Online Practice (PK/C)', (select id from division where division_type='ELT'), null, null, null);
insert into product (product_type,id,obj_version,erights_id,landing_page, product_name, division_id, registerable_product_id, email, service_level_agreement) values ('REGISTERABLE','17EEE823-4745-4EDA-8F29-59F25819A33E', 0, 103649, 'http://dev.eac.uk.oup.com/eacSampleSite/protected/release3/elt/network-starter.jsp', 'Network Starter Online Practice (PK/C)', (select id from division where division_type='ELT'), null, null, null);
insert into product (product_type,id,obj_version,erights_id,landing_page, product_name, division_id, registerable_product_id, email, service_level_agreement) values ('REGISTERABLE','CF2B4708-1B6B-425C-86C9-2A4F28B4A4F1', 0, 103650, 'http://dev.eac.uk.oup.com/eacSampleSite/protected/release3/elt/speak-now.jsp', 'Speak Now 1 Online Practice (PK/C)', (select id from division where division_type='ELT'), null, null, null);

insert into product (product_type,id,obj_version,erights_id,landing_page, product_name, division_id, registerable_product_id, email, service_level_agreement) values ('REGISTERABLE','AFF156AA-AD30-4E84-B84E-E9EEA1F6D780', 0, 116315, 'http://dev.eac.uk.oup.com/eacSampleSite/protected/release3/elt/headway-beginner.jsp', 'New Headway Plus SE Beginner online practice (PK/C)', (select id from division where division_type='ELT'), null, null, null);
insert into product (product_type,id,obj_version,erights_id,landing_page, product_name, division_id, registerable_product_id, email, service_level_agreement) values ('REGISTERABLE','6D4B25A7-87AB-4B44-B538-F5046C15FD4D', 0, 116316, 'http://dev.eac.uk.oup.com/eacSampleSite/protected/release3/elt/headway-elem.jsp', 'New Headway Plus SE Elem online practice (PK/C)', (select id from division where division_type='ELT'), null, null, null);
insert into product (product_type,id,obj_version,erights_id,landing_page, product_name, division_id, registerable_product_id, email, service_level_agreement) values ('REGISTERABLE','6544D26D-3057-42F6-BC54-3F4353AFC085', 0, 116317, 'http://dev.eac.uk.oup.com/eacSampleSite/protected/release3/elt/headway-preint.jsp', 'New Headway Plus SE pre-Int online practice (PK/C)', (select id from division where division_type='ELT'), null, null, null);
insert into product (product_type,id,obj_version,erights_id,landing_page, product_name, division_id, registerable_product_id, email, service_level_agreement) values ('REGISTERABLE','CCC29ECC-B41A-4EE9-B7F0-0482EE44E9FA', 0, 116318, 'http://dev.eac.uk.oup.com/eacSampleSite/protected/release3/elt/headway-int.jsp', 'New Headway Plus SE Int online practice (PK/C)', (select id from division where division_type='ELT'), null, null, null);


insert into registration_definition (registration_definition_type,id,obj_version,product_id,registration_activation_id,page_definition_id,licence_template_id) values ('ACTIVATION_CODE_REGISTRATION', newId(), 0, 'A4B9CF0A-F327-4A67-976A-644DA02F2732', 'D7FEFBDF-94D9-4D15-9579-4EF312E4054E', null, '552C200A-7FC4-42E6-91FD-730720D02895');
insert into registration_definition (registration_definition_type,id,obj_version,product_id,registration_activation_id,page_definition_id,licence_template_id) values ('ACCOUNT_REGISTRATION', newId(), 0, 'A4B9CF0A-F327-4A67-976A-644DA02F2732', 'D7FEFBDF-94D9-4D15-9579-4EF312E4054E', null, null);

insert into registration_definition (registration_definition_type,id,obj_version,product_id,registration_activation_id,page_definition_id,licence_template_id) values ('ACTIVATION_CODE_REGISTRATION', newId(), 0, 'BE997465-5FCF-4415-8F94-A2232861C0D8', 'D7FEFBDF-94D9-4D15-9579-4EF312E4054E', null, '552C200A-7FC4-42E6-91FD-730720D02895');
insert into registration_definition (registration_definition_type,id,obj_version,product_id,registration_activation_id,page_definition_id,licence_template_id) values ('ACCOUNT_REGISTRATION', newId(), 0, 'BE997465-5FCF-4415-8F94-A2232861C0D8', 'D7FEFBDF-94D9-4D15-9579-4EF312E4054E', null, null);

insert into registration_definition (registration_definition_type,id,obj_version,product_id,registration_activation_id,page_definition_id,licence_template_id) values ('ACTIVATION_CODE_REGISTRATION', newId(), 0, '17EEE823-4745-4EDA-8F29-59F25819A33E', 'D7FEFBDF-94D9-4D15-9579-4EF312E4054E', null, '552C200A-7FC4-42E6-91FD-730720D02895');
insert into registration_definition (registration_definition_type,id,obj_version,product_id,registration_activation_id,page_definition_id,licence_template_id) values ('ACCOUNT_REGISTRATION', newId(), 0, '17EEE823-4745-4EDA-8F29-59F25819A33E', 'D7FEFBDF-94D9-4D15-9579-4EF312E4054E', null, null);

insert into registration_definition (registration_definition_type,id,obj_version,product_id,registration_activation_id,page_definition_id,licence_template_id) values ('ACTIVATION_CODE_REGISTRATION', newId(), 0, 'CF2B4708-1B6B-425C-86C9-2A4F28B4A4F1', 'D7FEFBDF-94D9-4D15-9579-4EF312E4054E', null, '552C200A-7FC4-42E6-91FD-730720D02895');
insert into registration_definition (registration_definition_type,id,obj_version,product_id,registration_activation_id,page_definition_id,licence_template_id) values ('ACCOUNT_REGISTRATION', newId(), 0, 'CF2B4708-1B6B-425C-86C9-2A4F28B4A4F1', 'D7FEFBDF-94D9-4D15-9579-4EF312E4054E', null, null);


insert into registration_definition (registration_definition_type,id,obj_version,product_id,registration_activation_id,page_definition_id,licence_template_id) values ('ACTIVATION_CODE_REGISTRATION', newId(), 0, 'AFF156AA-AD30-4E84-B84E-E9EEA1F6D780', 'D7FEFBDF-94D9-4D15-9579-4EF312E4054E', null, '552C200A-7FC4-42E6-91FD-730720D02895');
insert into registration_definition (registration_definition_type,id,obj_version,product_id,registration_activation_id,page_definition_id,licence_template_id) values ('ACCOUNT_REGISTRATION', newId(), 0, 'AFF156AA-AD30-4E84-B84E-E9EEA1F6D780', 'D7FEFBDF-94D9-4D15-9579-4EF312E4054E', null, null);

insert into registration_definition (registration_definition_type,id,obj_version,product_id,registration_activation_id,page_definition_id,licence_template_id) values ('ACTIVATION_CODE_REGISTRATION', newId(), 0, '6D4B25A7-87AB-4B44-B538-F5046C15FD4D', 'D7FEFBDF-94D9-4D15-9579-4EF312E4054E', null, '552C200A-7FC4-42E6-91FD-730720D02895');
insert into registration_definition (registration_definition_type,id,obj_version,product_id,registration_activation_id,page_definition_id,licence_template_id) values ('ACCOUNT_REGISTRATION', newId(), 0, '6D4B25A7-87AB-4B44-B538-F5046C15FD4D', 'D7FEFBDF-94D9-4D15-9579-4EF312E4054E', null, null);

insert into registration_definition (registration_definition_type,id,obj_version,product_id,registration_activation_id,page_definition_id,licence_template_id) values ('ACTIVATION_CODE_REGISTRATION', newId(), 0, '6544D26D-3057-42F6-BC54-3F4353AFC085', 'D7FEFBDF-94D9-4D15-9579-4EF312E4054E', null, '552C200A-7FC4-42E6-91FD-730720D02895');
insert into registration_definition (registration_definition_type,id,obj_version,product_id,registration_activation_id,page_definition_id,licence_template_id) values ('ACCOUNT_REGISTRATION', newId(), 0, '6544D26D-3057-42F6-BC54-3F4353AFC085', 'D7FEFBDF-94D9-4D15-9579-4EF312E4054E', null, null);

insert into registration_definition (registration_definition_type,id,obj_version,product_id,registration_activation_id,page_definition_id,licence_template_id) values ('ACTIVATION_CODE_REGISTRATION', newId(), 0, 'CCC29ECC-B41A-4EE9-B7F0-0482EE44E9FA', 'D7FEFBDF-94D9-4D15-9579-4EF312E4054E', null, '552C200A-7FC4-42E6-91FD-730720D02895');
insert into registration_definition (registration_definition_type,id,obj_version,product_id,registration_activation_id,page_definition_id,licence_template_id) values ('ACCOUNT_REGISTRATION', newId(), 0, 'CCC29ECC-B41A-4EE9-B7F0-0482EE44E9FA', 'D7FEFBDF-94D9-4D15-9579-4EF312E4054E', null, null);

--insert into external_identifier (id, obj_version, external_system_id_type_id, external_id, external_id_type, customer_id, product_id) values (newId(), 0, 'A721E11F-6540-486D-9525-537B75C5D669', '9780194672030', 'PRODUCT', null, 'A4B9CF0A-F327-4A67-976A-644DA02F2732');
--insert into external_identifier (id, obj_version, external_system_id_type_id, external_id, external_id_type, customer_id, product_id) values (newId(), 0, 'A721E11F-6540-486D-9525-537B75C5D669', '9780194672047', 'PRODUCT', null, 'BE997465-5FCF-4415-8F94-A2232861C0D8');
--insert into external_identifier (id, obj_version, external_system_id_type_id, external_id, external_id_type, customer_id, product_id) values (newId(), 0, 'A721E11F-6540-486D-9525-537B75C5D669', '9780194672023', 'PRODUCT', null, '17EEE823-4745-4EDA-8F29-59F25819A33E');
--insert into external_identifier (id, obj_version, external_system_id_type_id, external_id, external_id_type, customer_id, product_id) values (newId(), 0, 'A721E11F-6540-486D-9525-537B75C5D669', '9780194030243', 'PRODUCT', null, 'CF2B4708-1B6B-425C-86C9-2A4F28B4A4F1');
--insert into external_identifier (id, obj_version, external_system_id_type_id, external_id, external_id_type, customer_id, product_id) values (newId(), 0, 'A721E11F-6540-486D-9525-537B75C5D669', '9780194770927', 'PRODUCT', null, 'AFF156AA-AD30-4E84-B84E-E9EEA1F6D780');
--insert into external_identifier (id, obj_version, external_system_id_type_id, external_id, external_id_type, customer_id, product_id) values (newId(), 0, 'A721E11F-6540-486D-9525-537B75C5D669', '9780194770958', 'PRODUCT', null, '6D4B25A7-87AB-4B44-B538-F5046C15FD4D');
--insert into external_identifier (id, obj_version, external_system_id_type_id, external_id, external_id_type, customer_id, product_id) values (newId(), 0, 'A721E11F-6540-486D-9525-537B75C5D669', '9780194770934', 'PRODUCT', null, '6544D26D-3057-42F6-BC54-3F4353AFC085');
--insert into external_identifier (id, obj_version, external_system_id_type_id, external_id, external_id_type, customer_id, product_id) values (newId(), 0, 'A721E11F-6540-486D-9525-537B75C5D669', '9780194770941', 'PRODUCT', null, 'CCC29ECC-B41A-4EE9-B7F0-0482EE44E9FA');