
-- Network 3 Online Practice (PK/C) - 9780194672054 - 836a8a7e-838e-43e8-85f6-15393554a55b
insert into product (product_type,id,obj_version,erights_id,landing_page, product_name, division_id, registerable_product_id, email, service_level_agreement) values ('REGISTERABLE','836a8a7e-838e-43e8-85f6-15393554a55b', 0, 999999, 'http://dummypage', 'Network 3 Online Practice (PK/C)', (select id from division where division_type='ELT'), null, null, null);
insert into registration_definition (registration_definition_type,id,obj_version,product_id,registration_activation_id,page_definition_id,licence_template_id) values ('ACTIVATION_CODE_REGISTRATION', newId(), 0, '836a8a7e-838e-43e8-85f6-15393554a55b', 'D7FEFBDF-94D9-4D15-9579-4EF312E4054E', null, '552C200A-7FC4-42E6-91FD-730720D02895');
--insert into external_identifier (id, obj_version, external_system_id_type_id, external_id, external_id_type, customer_id, product_id) values (newId(), 0, 'A721E11F-6540-486D-9525-537B75C5D669', '9780194672054', 'PRODUCT', null, '836a8a7e-838e-43e8-85f6-15393554a55b');

-- Speak Now 2 Online Practice (PK/C) - 9780194030250 - c659de5c-0902-4bf3-9467-b22f2b1c0fb1
insert into product (product_type,id,obj_version,erights_id,landing_page, product_name, division_id, registerable_product_id, email, service_level_agreement) values ('REGISTERABLE','c659de5c-0902-4bf3-9467-b22f2b1c0fb1', 0, 999999, 'http://dummypage', 'Speak Now 2 Online Practice (PK/C)', (select id from division where division_type='ELT'), null, null, null);
insert into registration_definition (registration_definition_type,id,obj_version,product_id,registration_activation_id,page_definition_id,licence_template_id) values ('ACTIVATION_CODE_REGISTRATION', newId(), 0, 'c659de5c-0902-4bf3-9467-b22f2b1c0fb1', 'D7FEFBDF-94D9-4D15-9579-4EF312E4054E', null, '552C200A-7FC4-42E6-91FD-730720D02895');
--insert into external_identifier (id, obj_version, external_system_id_type_id, external_id, external_id_type, customer_id, product_id) values (newId(), 0, 'A721E11F-6540-486D-9525-537B75C5D669', '9780194030250', 'PRODUCT', null, 'c659de5c-0902-4bf3-9467-b22f2b1c0fb1');

-- Speak Now 3 Online Practice (PK/C) - 9780194030267 - 52c777fe-3228-4c29-bf08-fc614239617c
insert into product (product_type,id,obj_version,erights_id,landing_page, product_name, division_id, registerable_product_id, email, service_level_agreement) values ('REGISTERABLE','52c777fe-3228-4c29-bf08-fc614239617c', 0, 999999, 'http://dummypage', 'Speak Now 3 Online Practice (PK/C)', (select id from division where division_type='ELT'), null, null, null);
insert into registration_definition (registration_definition_type,id,obj_version,product_id,registration_activation_id,page_definition_id,licence_template_id) values ('ACTIVATION_CODE_REGISTRATION', newId(), 0, '52c777fe-3228-4c29-bf08-fc614239617c', 'D7FEFBDF-94D9-4D15-9579-4EF312E4054E', null, '552C200A-7FC4-42E6-91FD-730720D02895');
--insert into external_identifier (id, obj_version, external_system_id_type_id, external_id, external_id_type, customer_id, product_id) values (newId(), 0, 'A721E11F-6540-486D-9525-537B75C5D669', '9780194030267', 'PRODUCT', null, '52c777fe-3228-4c29-bf08-fc614239617c');

-- Q Reading and Writing 1 Online Practice (PK/C) - 9780194760317 - 47092620-2075-445a-a3ab-321734b4d8b2
insert into product (product_type,id,obj_version,erights_id,landing_page, product_name, division_id, registerable_product_id, email, service_level_agreement) values ('REGISTERABLE','47092620-2075-445a-a3ab-321734b4d8b2', 0, 999999, 'http://dummypage', 'Q Reading and Writing 1 Online Practice (PK/C)', (select id from division where division_type='ELT'), null, null, null);
insert into registration_definition (registration_definition_type,id,obj_version,product_id,registration_activation_id,page_definition_id,licence_template_id) values ('ACTIVATION_CODE_REGISTRATION', newId(), 0, '47092620-2075-445a-a3ab-321734b4d8b2', 'D7FEFBDF-94D9-4D15-9579-4EF312E4054E', null, '552C200A-7FC4-42E6-91FD-730720D02895');
--insert into external_identifier (id, obj_version, external_system_id_type_id, external_id, external_id_type, customer_id, product_id) values (newId(), 0, 'A721E11F-6540-486D-9525-537B75C5D669', '9780194760317', 'PRODUCT', null, '47092620-2075-445a-a3ab-321734b4d8b2');

-- Q Reading and Writing 2 Online Practice (PK/C) - 9780194760324 - 2895d241-2112-4650-80fd-f4b1b21eab77
insert into product (product_type,id,obj_version,erights_id,landing_page, product_name, division_id, registerable_product_id, email, service_level_agreement) values ('REGISTERABLE','2895d241-2112-4650-80fd-f4b1b21eab77', 0, 999999, 'http://dummypage', 'Q Reading and Writing 2 Online Practice (PK/C)', (select id from division where division_type='ELT'), null, null, null);
insert into registration_definition (registration_definition_type,id,obj_version,product_id,registration_activation_id,page_definition_id,licence_template_id) values ('ACTIVATION_CODE_REGISTRATION', newId(), 0, '2895d241-2112-4650-80fd-f4b1b21eab77', 'D7FEFBDF-94D9-4D15-9579-4EF312E4054E', null, '552C200A-7FC4-42E6-91FD-730720D02895');
--insert into external_identifier (id, obj_version, external_system_id_type_id, external_id, external_id_type, customer_id, product_id) values (newId(), 0, 'A721E11F-6540-486D-9525-537B75C5D669', '9780194760324', 'PRODUCT', null, '2895d241-2112-4650-80fd-f4b1b21eab77');

-- Q Reading and Writing 3 Online Practice (PK/C) - 9780194760331 - c52ebec3-48a9-43c3-a962-a9e0f1b556fb
insert into product (product_type,id,obj_version,erights_id,landing_page, product_name, division_id, registerable_product_id, email, service_level_agreement) values ('REGISTERABLE','c52ebec3-48a9-43c3-a962-a9e0f1b556fb', 0, 999999, 'http://dummypage', 'Q Reading and Writing 3 Online Practice (PK/C)', (select id from division where division_type='ELT'), null, null, null);
insert into registration_definition (registration_definition_type,id,obj_version,product_id,registration_activation_id,page_definition_id,licence_template_id) values ('ACTIVATION_CODE_REGISTRATION', newId(), 0, 'c52ebec3-48a9-43c3-a962-a9e0f1b556fb', 'D7FEFBDF-94D9-4D15-9579-4EF312E4054E', null, '552C200A-7FC4-42E6-91FD-730720D02895');
--insert into external_identifier (id, obj_version, external_system_id_type_id, external_id, external_id_type, customer_id, product_id) values (newId(), 0, 'A721E11F-6540-486D-9525-537B75C5D669', '9780194760331', 'PRODUCT', null, 'c52ebec3-48a9-43c3-a962-a9e0f1b556fb');

-- Q Listening and Speaking 1 Online Practice (PK/C) - 9780194760379 - 3b1bcee9-4e80-4b86-92f0-8cdc9aa7ef07
insert into product (product_type,id,obj_version,erights_id,landing_page, product_name, division_id, registerable_product_id, email, service_level_agreement) values ('REGISTERABLE','3b1bcee9-4e80-4b86-92f0-8cdc9aa7ef07', 0, 999999, 'http://dummypage', 'Q Listening and Speaking 1 Online Practice (PK/C)', (select id from division where division_type='ELT'), null, null, null);
insert into registration_definition (registration_definition_type,id,obj_version,product_id,registration_activation_id,page_definition_id,licence_template_id) values ('ACTIVATION_CODE_REGISTRATION', newId(), 0, '3b1bcee9-4e80-4b86-92f0-8cdc9aa7ef07', 'D7FEFBDF-94D9-4D15-9579-4EF312E4054E', null, '552C200A-7FC4-42E6-91FD-730720D02895');
--insert into external_identifier (id, obj_version, external_system_id_type_id, external_id, external_id_type, customer_id, product_id) values (newId(), 0, 'A721E11F-6540-486D-9525-537B75C5D669', '9780194760379', 'PRODUCT', null, '3b1bcee9-4e80-4b86-92f0-8cdc9aa7ef07');

-- Q Listening and Speaking 2 Online Practice (PK/C) - 9780194760386 - f61e8efb-fecc-48e9-915b-b271f1d47a0f
insert into product (product_type,id,obj_version,erights_id,landing_page, product_name, division_id, registerable_product_id, email, service_level_agreement) values ('REGISTERABLE','f61e8efb-fecc-48e9-915b-b271f1d47a0f', 0, 999999, 'http://dummypage', 'Q Listening and Speaking 2 Online Practice (PK/C)', (select id from division where division_type='ELT'), null, null, null);
insert into registration_definition (registration_definition_type,id,obj_version,product_id,registration_activation_id,page_definition_id,licence_template_id) values ('ACTIVATION_CODE_REGISTRATION', newId(), 0, 'f61e8efb-fecc-48e9-915b-b271f1d47a0f', 'D7FEFBDF-94D9-4D15-9579-4EF312E4054E', null, '552C200A-7FC4-42E6-91FD-730720D02895');
--insert into external_identifier (id, obj_version, external_system_id_type_id, external_id, external_id_type, customer_id, product_id) values (newId(), 0, 'A721E11F-6540-486D-9525-537B75C5D669', '9780194760386', 'PRODUCT', null, 'f61e8efb-fecc-48e9-915b-b271f1d47a0f');

-- Q Listening and Speaking 3 Online Practice (PK/C) - 9780194760393 - 83d0b1ea-64d6-4b31-8a6e-32bba5329e88
insert into product (product_type,id,obj_version,erights_id,landing_page, product_name, division_id, registerable_product_id, email, service_level_agreement) values ('REGISTERABLE','83d0b1ea-64d6-4b31-8a6e-32bba5329e88', 0, 999999, 'http://dummypage', 'Q Listening and Speaking 3 Online Practice (PK/C)', (select id from division where division_type='ELT'), null, null, null);
insert into registration_definition (registration_definition_type,id,obj_version,product_id,registration_activation_id,page_definition_id,licence_template_id) values ('ACTIVATION_CODE_REGISTRATION', newId(), 0, '83d0b1ea-64d6-4b31-8a6e-32bba5329e88', 'D7FEFBDF-94D9-4D15-9579-4EF312E4054E', null, '552C200A-7FC4-42E6-91FD-730720D02895');
--insert into external_identifier (id, obj_version, external_system_id_type_id, external_id, external_id_type, customer_id, product_id) values (newId(), 0, 'A721E11F-6540-486D-9525-537B75C5D669', '9780194760393', 'PRODUCT', null, '83d0b1ea-64d6-4b31-8a6e-32bba5329e88');

-- Solutions 2/e Elementary Online WB Czech (PK/C) - 9780194549554 - 3ee16926-a511-4595-9bcf-a5311951a669
insert into product (product_type,id,obj_version,erights_id,landing_page, product_name, division_id, registerable_product_id, email, service_level_agreement) values ('REGISTERABLE','3ee16926-a511-4595-9bcf-a5311951a669', 0, 999999, 'http://dummypage', 'Solutions 2/e Elementary Online WB Czech (PK/C)', (select id from division where division_type='ELT'), null, null, null);
insert into registration_definition (registration_definition_type,id,obj_version,product_id,registration_activation_id,page_definition_id,licence_template_id) values ('ACTIVATION_CODE_REGISTRATION', newId(), 0, '3ee16926-a511-4595-9bcf-a5311951a669', 'D7FEFBDF-94D9-4D15-9579-4EF312E4054E', null, '552C200A-7FC4-42E6-91FD-730720D02895');
--insert into external_identifier (id, obj_version, external_system_id_type_id, external_id, external_id_type, customer_id, product_id) values (newId(), 0, 'A721E11F-6540-486D-9525-537B75C5D669', '9780194549554', 'PRODUCT', null, '3ee16926-a511-4595-9bcf-a5311951a669');

-- Solutions 2/e Elementary Online WB Dutch (PK/C) - 9780194549516 - 475fdbe0-bf6c-4ee0-b689-67b328b04d12
insert into product (product_type,id,obj_version,erights_id,landing_page, product_name, division_id, registerable_product_id, email, service_level_agreement) values ('REGISTERABLE','475fdbe0-bf6c-4ee0-b689-67b328b04d12', 0, 999999, 'http://dummypage', 'Solutions 2/e Elementary Online WB Dutch (PK/C)', (select id from division where division_type='ELT'), null, null, null);
insert into registration_definition (registration_definition_type,id,obj_version,product_id,registration_activation_id,page_definition_id,licence_template_id) values ('ACTIVATION_CODE_REGISTRATION', newId(), 0, '475fdbe0-bf6c-4ee0-b689-67b328b04d12', 'D7FEFBDF-94D9-4D15-9579-4EF312E4054E', null, '552C200A-7FC4-42E6-91FD-730720D02895');
--insert into external_identifier (id, obj_version, external_system_id_type_id, external_id, external_id_type, customer_id, product_id) values (newId(), 0, 'A721E11F-6540-486D-9525-537B75C5D669', '9780194549516', 'PRODUCT', null, '475fdbe0-bf6c-4ee0-b689-67b328b04d12');

-- Solutions 2/e Elementary Online WB International (PK/C) - 9780194551168 - 3aa04950-ef27-4ef6-af1e-be72557852b5
insert into product (product_type,id,obj_version,erights_id,landing_page, product_name, division_id, registerable_product_id, email, service_level_agreement) values ('REGISTERABLE','3aa04950-ef27-4ef6-af1e-be72557852b5', 0, 999999, 'http://dummypage', 'Solutions 2/e Elementary Online WB International (PK/C)', (select id from division where division_type='ELT'), null, null, null);
insert into registration_definition (registration_definition_type,id,obj_version,product_id,registration_activation_id,page_definition_id,licence_template_id) values ('ACTIVATION_CODE_REGISTRATION', newId(), 0, '3aa04950-ef27-4ef6-af1e-be72557852b5', 'D7FEFBDF-94D9-4D15-9579-4EF312E4054E', null, '552C200A-7FC4-42E6-91FD-730720D02895');
--insert into external_identifier (id, obj_version, external_system_id_type_id, external_id, external_id_type, customer_id, product_id) values (newId(), 0, 'A721E11F-6540-486D-9525-537B75C5D669', '9780194551168', 'PRODUCT', null, '3aa04950-ef27-4ef6-af1e-be72557852b5');

-- Solutions 2/e Pre-Intermediate Online WB Czech (PK/C) - 9780194549561 - 9282bc36-9ab6-4bd6-b7a3-0a9ae318c700
insert into product (product_type,id,obj_version,erights_id,landing_page, product_name, division_id, registerable_product_id, email, service_level_agreement) values ('REGISTERABLE','9282bc36-9ab6-4bd6-b7a3-0a9ae318c700', 0, 999999, 'http://dummypage', 'Solutions 2/e Pre-Intermediate Online WB Czech (PK/C)', (select id from division where division_type='ELT'), null, null, null);
insert into registration_definition (registration_definition_type,id,obj_version,product_id,registration_activation_id,page_definition_id,licence_template_id) values ('ACTIVATION_CODE_REGISTRATION', newId(), 0, '9282bc36-9ab6-4bd6-b7a3-0a9ae318c700', 'D7FEFBDF-94D9-4D15-9579-4EF312E4054E', null, '552C200A-7FC4-42E6-91FD-730720D02895');
--insert into external_identifier (id, obj_version, external_system_id_type_id, external_id, external_id_type, customer_id, product_id) values (newId(), 0, 'A721E11F-6540-486D-9525-537B75C5D669', '9780194549561', 'PRODUCT', null, '9282bc36-9ab6-4bd6-b7a3-0a9ae318c700');

-- Solutions 2/e Pre-Intermediate Online WB Dutch (PK/C) - 9780194549523 - a98e7a82-ebaa-4fea-8ce1-e26b90ada686
insert into product (product_type,id,obj_version,erights_id,landing_page, product_name, division_id, registerable_product_id, email, service_level_agreement) values ('REGISTERABLE','a98e7a82-ebaa-4fea-8ce1-e26b90ada686', 0, 999999, 'http://dummypage', 'Solutions 2/e Pre-Intermediate Online WB Dutch (PK/C)', (select id from division where division_type='ELT'), null, null, null);
insert into registration_definition (registration_definition_type,id,obj_version,product_id,registration_activation_id,page_definition_id,licence_template_id) values ('ACTIVATION_CODE_REGISTRATION', newId(), 0, 'a98e7a82-ebaa-4fea-8ce1-e26b90ada686', 'D7FEFBDF-94D9-4D15-9579-4EF312E4054E', null, '552C200A-7FC4-42E6-91FD-730720D02895');
--insert into external_identifier (id, obj_version, external_system_id_type_id, external_id, external_id_type, customer_id, product_id) values (newId(), 0, 'A721E11F-6540-486D-9525-537B75C5D669', '9780194549523', 'PRODUCT', null, 'a98e7a82-ebaa-4fea-8ce1-e26b90ada686');

-- Solutions 2/e Pre-Intermediate Online WB International (PK/C) - 9780194551175 - 209692a9-9423-4f37-9a37-32cc29e219a9
insert into product (product_type,id,obj_version,erights_id,landing_page, product_name, division_id, registerable_product_id, email, service_level_agreement) values ('REGISTERABLE','209692a9-9423-4f37-9a37-32cc29e219a9', 0, 999999, 'http://dummypage', 'Solutions 2/e Pre-Intermediate Online WB International (PK/C)', (select id from division where division_type='ELT'), null, null, null);
insert into registration_definition (registration_definition_type,id,obj_version,product_id,registration_activation_id,page_definition_id,licence_template_id) values ('ACTIVATION_CODE_REGISTRATION', newId(), 0, '209692a9-9423-4f37-9a37-32cc29e219a9', 'D7FEFBDF-94D9-4D15-9579-4EF312E4054E', null, '552C200A-7FC4-42E6-91FD-730720D02895');
--insert into external_identifier (id, obj_version, external_system_id_type_id, external_id, external_id_type, customer_id, product_id) values (newId(), 0, 'A721E11F-6540-486D-9525-537B75C5D669', '9780194551175', 'PRODUCT', null, '209692a9-9423-4f37-9a37-32cc29e219a9');

-- Solutions 2/e Intermediate Online WB Czech (PK/C) - 9780194549578 - aac7cf8e-ae1a-49f3-b225-fe377fb22d40
insert into product (product_type,id,obj_version,erights_id,landing_page, product_name, division_id, registerable_product_id, email, service_level_agreement) values ('REGISTERABLE','aac7cf8e-ae1a-49f3-b225-fe377fb22d40', 0, 999999, 'http://dummypage', 'Solutions 2/e Intermediate Online WB Czech (PK/C)', (select id from division where division_type='ELT'), null, null, null);
insert into registration_definition (registration_definition_type,id,obj_version,product_id,registration_activation_id,page_definition_id,licence_template_id) values ('ACTIVATION_CODE_REGISTRATION', newId(), 0, 'aac7cf8e-ae1a-49f3-b225-fe377fb22d40', 'D7FEFBDF-94D9-4D15-9579-4EF312E4054E', null, '552C200A-7FC4-42E6-91FD-730720D02895');
--insert into external_identifier (id, obj_version, external_system_id_type_id, external_id, external_id_type, customer_id, product_id) values (newId(), 0, 'A721E11F-6540-486D-9525-537B75C5D669', '9780194549578', 'PRODUCT', null, 'aac7cf8e-ae1a-49f3-b225-fe377fb22d40');

-- Solutions 2/e Intermediate Online WB Dutch (PK/C) - 9780194549530 - 55468921-f5b4-44a6-b66a-7eb3afe693d8
insert into product (product_type,id,obj_version,erights_id,landing_page, product_name, division_id, registerable_product_id, email, service_level_agreement) values ('REGISTERABLE','55468921-f5b4-44a6-b66a-7eb3afe693d8', 0, 999999, 'http://dummypage', 'Solutions 2/e Intermediate Online WB Dutch (PK/C)', (select id from division where division_type='ELT'), null, null, null);
insert into registration_definition (registration_definition_type,id,obj_version,product_id,registration_activation_id,page_definition_id,licence_template_id) values ('ACTIVATION_CODE_REGISTRATION', newId(), 0, '55468921-f5b4-44a6-b66a-7eb3afe693d8', 'D7FEFBDF-94D9-4D15-9579-4EF312E4054E', null, '552C200A-7FC4-42E6-91FD-730720D02895');
--insert into external_identifier (id, obj_version, external_system_id_type_id, external_id, external_id_type, customer_id, product_id) values (newId(), 0, 'A721E11F-6540-486D-9525-537B75C5D669', '9780194549530', 'PRODUCT', null, '55468921-f5b4-44a6-b66a-7eb3afe693d8');

-- Solutions 2/e Intermediate Online WB International (PK/C) - 9780194551182 - 3bee40f2-e83b-42b7-a799-e8904c75ceb2
insert into product (product_type,id,obj_version,erights_id,landing_page, product_name, division_id, registerable_product_id, email, service_level_agreement) values ('REGISTERABLE','3bee40f2-e83b-42b7-a799-e8904c75ceb2', 0, 999999, 'http://dummypage', 'Solutions 2/e Intermediate Online WB International (PK/C)', (select id from division where division_type='ELT'), null, null, null);
insert into registration_definition (registration_definition_type,id,obj_version,product_id,registration_activation_id,page_definition_id,licence_template_id) values ('ACTIVATION_CODE_REGISTRATION', newId(), 0, '3bee40f2-e83b-42b7-a799-e8904c75ceb2', 'D7FEFBDF-94D9-4D15-9579-4EF312E4054E', null, '552C200A-7FC4-42E6-91FD-730720D02895');
--insert into external_identifier (id, obj_version, external_system_id_type_id, external_id, external_id_type, customer_id, product_id) values (newId(), 0, 'A721E11F-6540-486D-9525-537B75C5D669', '9780194551182', 'PRODUCT', null, '3bee40f2-e83b-42b7-a799-e8904c75ceb2');

-- EAW 2/e Intro online practice - 9780194332422 - cfe773c3-b184-4cf5-9d19-1f4e2207d6e2
insert into product (product_type,id,obj_version,erights_id,landing_page, product_name, division_id, registerable_product_id, email, service_level_agreement) values ('REGISTERABLE','cfe773c3-b184-4cf5-9d19-1f4e2207d6e2', 0, 999999, 'http://dummypage', 'EAW 2/e Intro online practice', (select id from division where division_type='ELT'), null, null, null);
insert into registration_definition (registration_definition_type,id,obj_version,product_id,registration_activation_id,page_definition_id,licence_template_id) values ('ACTIVATION_CODE_REGISTRATION', newId(), 0, 'cfe773c3-b184-4cf5-9d19-1f4e2207d6e2', 'D7FEFBDF-94D9-4D15-9579-4EF312E4054E', null, '552C200A-7FC4-42E6-91FD-730720D02895');
--insert into external_identifier (id, obj_version, external_system_id_type_id, external_id, external_id_type, customer_id, product_id) values (newId(), 0, 'A721E11F-6540-486D-9525-537B75C5D669', '9780194332422', 'PRODUCT', null, 'cfe773c3-b184-4cf5-9d19-1f4e2207d6e2');

-- EAW 2/e 1 online practice - 9780194333917 - b0215e9b-bbb5-4f97-8956-4dbc7c0d164e
insert into product (product_type,id,obj_version,erights_id,landing_page, product_name, division_id, registerable_product_id, email, service_level_agreement) values ('REGISTERABLE','b0215e9b-bbb5-4f97-8956-4dbc7c0d164e', 0, 999999, 'http://dummypage', 'EAW 2/e 1 online practice', (select id from division where division_type='ELT'), null, null, null);
insert into registration_definition (registration_definition_type,id,obj_version,product_id,registration_activation_id,page_definition_id,licence_template_id) values ('ACTIVATION_CODE_REGISTRATION', newId(), 0, 'b0215e9b-bbb5-4f97-8956-4dbc7c0d164e', 'D7FEFBDF-94D9-4D15-9579-4EF312E4054E', null, '552C200A-7FC4-42E6-91FD-730720D02895');
--insert into external_identifier (id, obj_version, external_system_id_type_id, external_id, external_id_type, customer_id, product_id) values (newId(), 0, 'A721E11F-6540-486D-9525-537B75C5D669', '9780194333917', 'PRODUCT', null, 'b0215e9b-bbb5-4f97-8956-4dbc7c0d164e');

-- EAW 2/e 2 online practice - 9780194323710 - ce576f9a-ca30-48be-9d22-f609c4c86d25
insert into product (product_type,id,obj_version,erights_id,landing_page, product_name, division_id, registerable_product_id, email, service_level_agreement) values ('REGISTERABLE','ce576f9a-ca30-48be-9d22-f609c4c86d25', 0, 999999, 'http://dummypage', 'EAW 2/e 2 online practice', (select id from division where division_type='ELT'), null, null, null);
insert into registration_definition (registration_definition_type,id,obj_version,product_id,registration_activation_id,page_definition_id,licence_template_id) values ('ACTIVATION_CODE_REGISTRATION', newId(), 0, 'ce576f9a-ca30-48be-9d22-f609c4c86d25', 'D7FEFBDF-94D9-4D15-9579-4EF312E4054E', null, '552C200A-7FC4-42E6-91FD-730720D02895');
--insert into external_identifier (id, obj_version, external_system_id_type_id, external_id, external_id_type, customer_id, product_id) values (newId(), 0, 'A721E11F-6540-486D-9525-537B75C5D669', '9780194323710', 'PRODUCT', null, 'ce576f9a-ca30-48be-9d22-f609c4c86d25');

-- EAW 2/e 3 online practice - 9780194333924 - 5a06491e-cf5c-4180-b9ee-594a475c6ae5
insert into product (product_type,id,obj_version,erights_id,landing_page, product_name, division_id, registerable_product_id, email, service_level_agreement) values ('REGISTERABLE','5a06491e-cf5c-4180-b9ee-594a475c6ae5', 0, 999999, 'http://dummypage', 'EAW 2/e 3 online practice', (select id from division where division_type='ELT'), null, null, null);
insert into registration_definition (registration_definition_type,id,obj_version,product_id,registration_activation_id,page_definition_id,licence_template_id) values ('ACTIVATION_CODE_REGISTRATION', newId(), 0, '5a06491e-cf5c-4180-b9ee-594a475c6ae5', 'D7FEFBDF-94D9-4D15-9579-4EF312E4054E', null, '552C200A-7FC4-42E6-91FD-730720D02895');
--insert into external_identifier (id, obj_version, external_system_id_type_id, external_id, external_id_type, customer_id, product_id) values (newId(), 0, 'A721E11F-6540-486D-9525-537B75C5D669', '9780194333924', 'PRODUCT', null, '5a06491e-cf5c-4180-b9ee-594a475c6ae5');

-- Business Result Elementary SB online practice TEACHER - 9780194739733 - c29c77bc-d56c-4e90-a2bc-8a4864bfad32
insert into product (product_type,id,obj_version,erights_id,landing_page, product_name, division_id, registerable_product_id, email, service_level_agreement) values ('REGISTERABLE','c29c77bc-d56c-4e90-a2bc-8a4864bfad32', 0, 999999, 'http://dummypage', 'Business Result Elementary SB online practice TEACHER', (select id from division where division_type='ELT'), null, null, null);
insert into registration_definition (registration_definition_type,id,obj_version,product_id,registration_activation_id,page_definition_id,licence_template_id) values ('ACTIVATION_CODE_REGISTRATION', newId(), 0, 'c29c77bc-d56c-4e90-a2bc-8a4864bfad32', 'D7FEFBDF-94D9-4D15-9579-4EF312E4054E', null, '552C200A-7FC4-42E6-91FD-730720D02895');
--insert into external_identifier (id, obj_version, external_system_id_type_id, external_id, external_id_type, customer_id, product_id) values (newId(), 0, 'A721E11F-6540-486D-9525-537B75C5D669', '9780194739733', 'PRODUCT', null, 'c29c77bc-d56c-4e90-a2bc-8a4864bfad32');

-- Business Result Pre-Intermediate SB online practice TEACHER - 9780194739740 - 86d350c8-0d2f-42a5-af75-a35029a5ff49
insert into product (product_type,id,obj_version,erights_id,landing_page, product_name, division_id, registerable_product_id, email, service_level_agreement) values ('REGISTERABLE','86d350c8-0d2f-42a5-af75-a35029a5ff49', 0, 999999, 'http://dummypage', 'Business Result Pre-Intermediate SB online practice TEACHER', (select id from division where division_type='ELT'), null, null, null);
insert into registration_definition (registration_definition_type,id,obj_version,product_id,registration_activation_id,page_definition_id,licence_template_id) values ('ACTIVATION_CODE_REGISTRATION', newId(), 0, '86d350c8-0d2f-42a5-af75-a35029a5ff49', 'D7FEFBDF-94D9-4D15-9579-4EF312E4054E', null, '552C200A-7FC4-42E6-91FD-730720D02895');
--insert into external_identifier (id, obj_version, external_system_id_type_id, external_id, external_id_type, customer_id, product_id) values (newId(), 0, 'A721E11F-6540-486D-9525-537B75C5D669', '9780194739740', 'PRODUCT', null, '86d350c8-0d2f-42a5-af75-a35029a5ff49');

-- Business Result Intermediate SB online practice TEACHER - 9780194739757 - aa1a73ef-4518-433c-a110-e4602b97ef4e
insert into product (product_type,id,obj_version,erights_id,landing_page, product_name, division_id, registerable_product_id, email, service_level_agreement) values ('REGISTERABLE','aa1a73ef-4518-433c-a110-e4602b97ef4e', 0, 999999, 'http://dummypage', 'Business Result Intermediate SB online practice TEACHER', (select id from division where division_type='ELT'), null, null, null);
insert into registration_definition (registration_definition_type,id,obj_version,product_id,registration_activation_id,page_definition_id,licence_template_id) values ('ACTIVATION_CODE_REGISTRATION', newId(), 0, 'aa1a73ef-4518-433c-a110-e4602b97ef4e', 'D7FEFBDF-94D9-4D15-9579-4EF312E4054E', null, '552C200A-7FC4-42E6-91FD-730720D02895');
--insert into external_identifier (id, obj_version, external_system_id_type_id, external_id, external_id_type, customer_id, product_id) values (newId(), 0, 'A721E11F-6540-486D-9525-537B75C5D669', '9780194739757', 'PRODUCT', null, 'aa1a73ef-4518-433c-a110-e4602b97ef4e');

-- Business Result upper-Intermediate SB online practice TEACHER - 9780194739764 - b03cf9db-7abf-4886-a71d-23f74793b320
insert into product (product_type,id,obj_version,erights_id,landing_page, product_name, division_id, registerable_product_id, email, service_level_agreement) values ('REGISTERABLE','b03cf9db-7abf-4886-a71d-23f74793b320', 0, 999999, 'http://dummypage', 'Business Result upper-Intermediate SB online practice TEACHER', (select id from division where division_type='ELT'), null, null, null);
insert into registration_definition (registration_definition_type,id,obj_version,product_id,registration_activation_id,page_definition_id,licence_template_id) values ('ACTIVATION_CODE_REGISTRATION', newId(), 0, 'b03cf9db-7abf-4886-a71d-23f74793b320', 'D7FEFBDF-94D9-4D15-9579-4EF312E4054E', null, '552C200A-7FC4-42E6-91FD-730720D02895');
--insert into external_identifier (id, obj_version, external_system_id_type_id, external_id, external_id_type, customer_id, product_id) values (newId(), 0, 'A721E11F-6540-486D-9525-537B75C5D669', '9780194739764', 'PRODUCT', null, 'b03cf9db-7abf-4886-a71d-23f74793b320');

-- Business Result Advanced SB online practice TEACHER - 9780194739771 - e7011fb3-7590-4fce-bb7a-4eaa012d4451
insert into product (product_type,id,obj_version,erights_id,landing_page, product_name, division_id, registerable_product_id, email, service_level_agreement) values ('REGISTERABLE','e7011fb3-7590-4fce-bb7a-4eaa012d4451', 0, 999999, 'http://dummypage', 'Business Result Advanced SB online practice TEACHER', (select id from division where division_type='ELT'), null, null, null);
insert into registration_definition (registration_definition_type,id,obj_version,product_id,registration_activation_id,page_definition_id,licence_template_id) values ('ACTIVATION_CODE_REGISTRATION', newId(), 0, 'e7011fb3-7590-4fce-bb7a-4eaa012d4451', 'D7FEFBDF-94D9-4D15-9579-4EF312E4054E', null, '552C200A-7FC4-42E6-91FD-730720D02895');
--insert into external_identifier (id, obj_version, external_system_id_type_id, external_id, external_id_type, customer_id, product_id) values (newId(), 0, 'A721E11F-6540-486D-9525-537B75C5D669', '9780194739771', 'PRODUCT', null, 'e7011fb3-7590-4fce-bb7a-4eaa012d4451');

-- Network 1 Online Practice (PK/C) TEACHER - 9780194672030 - 4faafc5d-a574-409d-97d8-443eeddf01d7
insert into product (product_type,id,obj_version,erights_id,landing_page, product_name, division_id, registerable_product_id, email, service_level_agreement) values ('REGISTERABLE','4faafc5d-a574-409d-97d8-443eeddf01d7', 0, 999999, 'http://dummypage', 'Network 1 Online Practice (PK/C) TEACHER', (select id from division where division_type='ELT'), null, null, null);
insert into registration_definition (registration_definition_type,id,obj_version,product_id,registration_activation_id,page_definition_id,licence_template_id) values ('ACTIVATION_CODE_REGISTRATION', newId(), 0, '4faafc5d-a574-409d-97d8-443eeddf01d7', 'D7FEFBDF-94D9-4D15-9579-4EF312E4054E', null, '552C200A-7FC4-42E6-91FD-730720D02895');
--insert into external_identifier (id, obj_version, external_system_id_type_id, external_id, external_id_type, customer_id, product_id) values (newId(), 0, 'A721E11F-6540-486D-9525-537B75C5D669', '9780194672030', 'PRODUCT', null, '4faafc5d-a574-409d-97d8-443eeddf01d7');

-- Network 2 Online Practice (PK/C) TEACHER - 9780194672047 - 66519916-19bb-4a70-885d-1a81d1b684b9
insert into product (product_type,id,obj_version,erights_id,landing_page, product_name, division_id, registerable_product_id, email, service_level_agreement) values ('REGISTERABLE','66519916-19bb-4a70-885d-1a81d1b684b9', 0, 999999, 'http://dummypage', 'Network 2 Online Practice (PK/C) TEACHER', (select id from division where division_type='ELT'), null, null, null);
insert into registration_definition (registration_definition_type,id,obj_version,product_id,registration_activation_id,page_definition_id,licence_template_id) values ('ACTIVATION_CODE_REGISTRATION', newId(), 0, '66519916-19bb-4a70-885d-1a81d1b684b9', 'D7FEFBDF-94D9-4D15-9579-4EF312E4054E', null, '552C200A-7FC4-42E6-91FD-730720D02895');
--insert into external_identifier (id, obj_version, external_system_id_type_id, external_id, external_id_type, customer_id, product_id) values (newId(), 0, 'A721E11F-6540-486D-9525-537B75C5D669', '9780194672047', 'PRODUCT', null, '66519916-19bb-4a70-885d-1a81d1b684b9');

-- Network Starter Online Practice (PK/C) TEACHER - 9780194672023 - 04194c30-b89e-4556-928f-5737de225d71
insert into product (product_type,id,obj_version,erights_id,landing_page, product_name, division_id, registerable_product_id, email, service_level_agreement) values ('REGISTERABLE','04194c30-b89e-4556-928f-5737de225d71', 0, 999999, 'http://dummypage', 'Network Starter Online Practice (PK/C) TEACHER', (select id from division where division_type='ELT'), null, null, null);
insert into registration_definition (registration_definition_type,id,obj_version,product_id,registration_activation_id,page_definition_id,licence_template_id) values ('ACTIVATION_CODE_REGISTRATION', newId(), 0, '04194c30-b89e-4556-928f-5737de225d71', 'D7FEFBDF-94D9-4D15-9579-4EF312E4054E', null, '552C200A-7FC4-42E6-91FD-730720D02895');
--insert into external_identifier (id, obj_version, external_system_id_type_id, external_id, external_id_type, customer_id, product_id) values (newId(), 0, 'A721E11F-6540-486D-9525-537B75C5D669', '9780194672023', 'PRODUCT', null, '04194c30-b89e-4556-928f-5737de225d71');

-- Network 3 Online Practice (PK/C) TEACHER - 9780194672054 - 937645ab-c28e-4a03-bc10-3b84d2e70629
insert into product (product_type,id,obj_version,erights_id,landing_page, product_name, division_id, registerable_product_id, email, service_level_agreement) values ('REGISTERABLE','937645ab-c28e-4a03-bc10-3b84d2e70629', 0, 999999, 'http://dummypage', 'Network 3 Online Practice (PK/C) TEACHER', (select id from division where division_type='ELT'), null, null, null);
insert into registration_definition (registration_definition_type,id,obj_version,product_id,registration_activation_id,page_definition_id,licence_template_id) values ('ACTIVATION_CODE_REGISTRATION', newId(), 0, '937645ab-c28e-4a03-bc10-3b84d2e70629', 'D7FEFBDF-94D9-4D15-9579-4EF312E4054E', null, '552C200A-7FC4-42E6-91FD-730720D02895');
--insert into external_identifier (id, obj_version, external_system_id_type_id, external_id, external_id_type, customer_id, product_id) values (newId(), 0, 'A721E11F-6540-486D-9525-537B75C5D669', '9780194672054', 'PRODUCT', null, '937645ab-c28e-4a03-bc10-3b84d2e70629');

-- Speak Now 1 Online Practice (PK/C) TEACHER - 9780194030243 - 63a6e2a5-2960-48e9-8388-54c3307566a3
insert into product (product_type,id,obj_version,erights_id,landing_page, product_name, division_id, registerable_product_id, email, service_level_agreement) values ('REGISTERABLE','63a6e2a5-2960-48e9-8388-54c3307566a3', 0, 999999, 'http://dummypage', 'Speak Now 1 Online Practice (PK/C) TEACHER', (select id from division where division_type='ELT'), null, null, null);
insert into registration_definition (registration_definition_type,id,obj_version,product_id,registration_activation_id,page_definition_id,licence_template_id) values ('ACTIVATION_CODE_REGISTRATION', newId(), 0, '63a6e2a5-2960-48e9-8388-54c3307566a3', 'D7FEFBDF-94D9-4D15-9579-4EF312E4054E', null, '552C200A-7FC4-42E6-91FD-730720D02895');
--insert into external_identifier (id, obj_version, external_system_id_type_id, external_id, external_id_type, customer_id, product_id) values (newId(), 0, 'A721E11F-6540-486D-9525-537B75C5D669', '9780194030243', 'PRODUCT', null, '63a6e2a5-2960-48e9-8388-54c3307566a3');

-- Speak Now 2 Online Practice (PK/C) TEACHER - 9780194030250 - 2b002296-a3f1-409b-912f-01d467e7c0e5
insert into product (product_type,id,obj_version,erights_id,landing_page, product_name, division_id, registerable_product_id, email, service_level_agreement) values ('REGISTERABLE','2b002296-a3f1-409b-912f-01d467e7c0e5', 0, 999999, 'http://dummypage', 'Speak Now 2 Online Practice (PK/C) TEACHER', (select id from division where division_type='ELT'), null, null, null);
insert into registration_definition (registration_definition_type,id,obj_version,product_id,registration_activation_id,page_definition_id,licence_template_id) values ('ACTIVATION_CODE_REGISTRATION', newId(), 0, '2b002296-a3f1-409b-912f-01d467e7c0e5', 'D7FEFBDF-94D9-4D15-9579-4EF312E4054E', null, '552C200A-7FC4-42E6-91FD-730720D02895');
--insert into external_identifier (id, obj_version, external_system_id_type_id, external_id, external_id_type, customer_id, product_id) values (newId(), 0, 'A721E11F-6540-486D-9525-537B75C5D669', '9780194030250', 'PRODUCT', null, '2b002296-a3f1-409b-912f-01d467e7c0e5');

-- Speak Now 3 Online Practice (PK/C) TEACHER - 9780194030267 - 3b1a9e70-7306-4559-877f-b47f2c6329a0
insert into product (product_type,id,obj_version,erights_id,landing_page, product_name, division_id, registerable_product_id, email, service_level_agreement) values ('REGISTERABLE','3b1a9e70-7306-4559-877f-b47f2c6329a0', 0, 999999, 'http://dummypage', 'Speak Now 3 Online Practice (PK/C) TEACHER', (select id from division where division_type='ELT'), null, null, null);
insert into registration_definition (registration_definition_type,id,obj_version,product_id,registration_activation_id,page_definition_id,licence_template_id) values ('ACTIVATION_CODE_REGISTRATION', newId(), 0, '3b1a9e70-7306-4559-877f-b47f2c6329a0', 'D7FEFBDF-94D9-4D15-9579-4EF312E4054E', null, '552C200A-7FC4-42E6-91FD-730720D02895');
--insert into external_identifier (id, obj_version, external_system_id_type_id, external_id, external_id_type, customer_id, product_id) values (newId(), 0, 'A721E11F-6540-486D-9525-537B75C5D669', '9780194030267', 'PRODUCT', null, '3b1a9e70-7306-4559-877f-b47f2c6329a0');

-- New Headway Plus SE Beginner online practice (PK/C) TEACHER - 9780194771009 - 0d0da568-0fe8-495f-8d17-7c12e9b7c206
insert into product (product_type,id,obj_version,erights_id,landing_page, product_name, division_id, registerable_product_id, email, service_level_agreement) values ('REGISTERABLE','0d0da568-0fe8-495f-8d17-7c12e9b7c206', 0, 999999, 'http://dummypage', 'New Headway Plus SE Beginner online practice (PK/C) TEACHER', (select id from division where division_type='ELT'), null, null, null);
insert into registration_definition (registration_definition_type,id,obj_version,product_id,registration_activation_id,page_definition_id,licence_template_id) values ('ACTIVATION_CODE_REGISTRATION', newId(), 0, '0d0da568-0fe8-495f-8d17-7c12e9b7c206', 'D7FEFBDF-94D9-4D15-9579-4EF312E4054E', null, '552C200A-7FC4-42E6-91FD-730720D02895');
--insert into external_identifier (id, obj_version, external_system_id_type_id, external_id, external_id_type, customer_id, product_id) values (newId(), 0, 'A721E11F-6540-486D-9525-537B75C5D669', '9780194771009', 'PRODUCT', null, '0d0da568-0fe8-495f-8d17-7c12e9b7c206');

-- New Headway Plus SE Elem online practice (PK/C) TEACHER - 9780194771030 - 6e429b4b-129f-4b47-8c5c-223b42feedf3
insert into product (product_type,id,obj_version,erights_id,landing_page, product_name, division_id, registerable_product_id, email, service_level_agreement) values ('REGISTERABLE','6e429b4b-129f-4b47-8c5c-223b42feedf3', 0, 999999, 'http://dummypage', 'New Headway Plus SE Elem online practice (PK/C) TEACHER', (select id from division where division_type='ELT'), null, null, null);
insert into registration_definition (registration_definition_type,id,obj_version,product_id,registration_activation_id,page_definition_id,licence_template_id) values ('ACTIVATION_CODE_REGISTRATION', newId(), 0, '6e429b4b-129f-4b47-8c5c-223b42feedf3', 'D7FEFBDF-94D9-4D15-9579-4EF312E4054E', null, '552C200A-7FC4-42E6-91FD-730720D02895');
--insert into external_identifier (id, obj_version, external_system_id_type_id, external_id, external_id_type, customer_id, product_id) values (newId(), 0, 'A721E11F-6540-486D-9525-537B75C5D669', '9780194771030', 'PRODUCT', null, '6e429b4b-129f-4b47-8c5c-223b42feedf3');

-- New Headway Plus SE pre-Int online practice (PK/C) TEACHER - 9780194771016 - e7e8c580-b5e9-40f9-a99c-ab5e477d9954
insert into product (product_type,id,obj_version,erights_id,landing_page, product_name, division_id, registerable_product_id, email, service_level_agreement) values ('REGISTERABLE','e7e8c580-b5e9-40f9-a99c-ab5e477d9954', 0, 999999, 'http://dummypage', 'New Headway Plus SE pre-Int online practice (PK/C) TEACHER', (select id from division where division_type='ELT'), null, null, null);
insert into registration_definition (registration_definition_type,id,obj_version,product_id,registration_activation_id,page_definition_id,licence_template_id) values ('ACTIVATION_CODE_REGISTRATION', newId(), 0, 'e7e8c580-b5e9-40f9-a99c-ab5e477d9954', 'D7FEFBDF-94D9-4D15-9579-4EF312E4054E', null, '552C200A-7FC4-42E6-91FD-730720D02895');
--insert into external_identifier (id, obj_version, external_system_id_type_id, external_id, external_id_type, customer_id, product_id) values (newId(), 0, 'A721E11F-6540-486D-9525-537B75C5D669', '9780194771016', 'PRODUCT', null, 'e7e8c580-b5e9-40f9-a99c-ab5e477d9954');

-- New Headway Plus SE Int online practice (PK/C) TEACHER - 9780194771023 - ada6e6b0-d1aa-4225-a17e-40750edb7d82
insert into product (product_type,id,obj_version,erights_id,landing_page, product_name, division_id, registerable_product_id, email, service_level_agreement) values ('REGISTERABLE','ada6e6b0-d1aa-4225-a17e-40750edb7d82', 0, 999999, 'http://dummypage', 'New Headway Plus SE Int online practice (PK/C) TEACHER', (select id from division where division_type='ELT'), null, null, null);
insert into registration_definition (registration_definition_type,id,obj_version,product_id,registration_activation_id,page_definition_id,licence_template_id) values ('ACTIVATION_CODE_REGISTRATION', newId(), 0, 'ada6e6b0-d1aa-4225-a17e-40750edb7d82', 'D7FEFBDF-94D9-4D15-9579-4EF312E4054E', null, '552C200A-7FC4-42E6-91FD-730720D02895');
--insert into external_identifier (id, obj_version, external_system_id_type_id, external_id, external_id_type, customer_id, product_id) values (newId(), 0, 'A721E11F-6540-486D-9525-537B75C5D669', '9780194771023', 'PRODUCT', null, 'ada6e6b0-d1aa-4225-a17e-40750edb7d82');

-- Q Reading and Writing 1 Online Practice (PK/C) TEACHER - 9780194760317 - af122523-2451-480d-9eff-33b9086cea2b
insert into product (product_type,id,obj_version,erights_id,landing_page, product_name, division_id, registerable_product_id, email, service_level_agreement) values ('REGISTERABLE','af122523-2451-480d-9eff-33b9086cea2b', 0, 999999, 'http://dummypage', 'Q Reading and Writing 1 Online Practice (PK/C) TEACHER', (select id from division where division_type='ELT'), null, null, null);
insert into registration_definition (registration_definition_type,id,obj_version,product_id,registration_activation_id,page_definition_id,licence_template_id) values ('ACTIVATION_CODE_REGISTRATION', newId(), 0, 'af122523-2451-480d-9eff-33b9086cea2b', 'D7FEFBDF-94D9-4D15-9579-4EF312E4054E', null, '552C200A-7FC4-42E6-91FD-730720D02895');
--insert into external_identifier (id, obj_version, external_system_id_type_id, external_id, external_id_type, customer_id, product_id) values (newId(), 0, 'A721E11F-6540-486D-9525-537B75C5D669', '9780194760317', 'PRODUCT', null, 'af122523-2451-480d-9eff-33b9086cea2b');

-- Q Reading and Writing 2 Online Practice (PK/C) TEACHER - 9780194760324 - 629d5bf3-7670-4b2a-8db4-3f83cd89cce8
insert into product (product_type,id,obj_version,erights_id,landing_page, product_name, division_id, registerable_product_id, email, service_level_agreement) values ('REGISTERABLE','629d5bf3-7670-4b2a-8db4-3f83cd89cce8', 0, 999999, 'http://dummypage', 'Q Reading and Writing 2 Online Practice (PK/C) TEACHER', (select id from division where division_type='ELT'), null, null, null);
insert into registration_definition (registration_definition_type,id,obj_version,product_id,registration_activation_id,page_definition_id,licence_template_id) values ('ACTIVATION_CODE_REGISTRATION', newId(), 0, '629d5bf3-7670-4b2a-8db4-3f83cd89cce8', 'D7FEFBDF-94D9-4D15-9579-4EF312E4054E', null, '552C200A-7FC4-42E6-91FD-730720D02895');
--insert into external_identifier (id, obj_version, external_system_id_type_id, external_id, external_id_type, customer_id, product_id) values (newId(), 0, 'A721E11F-6540-486D-9525-537B75C5D669', '9780194760324', 'PRODUCT', null, '629d5bf3-7670-4b2a-8db4-3f83cd89cce8');

-- Q Reading and Writing 3 Online Practice (PK/C) TEACHER - 9780194760331 - 31ff7ccd-8071-4050-b054-28a3d90b2bf6
insert into product (product_type,id,obj_version,erights_id,landing_page, product_name, division_id, registerable_product_id, email, service_level_agreement) values ('REGISTERABLE','31ff7ccd-8071-4050-b054-28a3d90b2bf6', 0, 999999, 'http://dummypage', 'Q Reading and Writing 3 Online Practice (PK/C) TEACHER', (select id from division where division_type='ELT'), null, null, null);
insert into registration_definition (registration_definition_type,id,obj_version,product_id,registration_activation_id,page_definition_id,licence_template_id) values ('ACTIVATION_CODE_REGISTRATION', newId(), 0, '31ff7ccd-8071-4050-b054-28a3d90b2bf6', 'D7FEFBDF-94D9-4D15-9579-4EF312E4054E', null, '552C200A-7FC4-42E6-91FD-730720D02895');
--insert into external_identifier (id, obj_version, external_system_id_type_id, external_id, external_id_type, customer_id, product_id) values (newId(), 0, 'A721E11F-6540-486D-9525-537B75C5D669', '9780194760331', 'PRODUCT', null, '31ff7ccd-8071-4050-b054-28a3d90b2bf6');

-- Q Listening and Speaking 1 Online Practice (PK/C) TEACHER - 9780194760379 - 0bc82234-9fe4-4cdd-aeec-e469d5e3b7f7
insert into product (product_type,id,obj_version,erights_id,landing_page, product_name, division_id, registerable_product_id, email, service_level_agreement) values ('REGISTERABLE','0bc82234-9fe4-4cdd-aeec-e469d5e3b7f7', 0, 999999, 'http://dummypage', 'Q Listening and Speaking 1 Online Practice (PK/C) TEACHER', (select id from division where division_type='ELT'), null, null, null);
insert into registration_definition (registration_definition_type,id,obj_version,product_id,registration_activation_id,page_definition_id,licence_template_id) values ('ACTIVATION_CODE_REGISTRATION', newId(), 0, '0bc82234-9fe4-4cdd-aeec-e469d5e3b7f7', 'D7FEFBDF-94D9-4D15-9579-4EF312E4054E', null, '552C200A-7FC4-42E6-91FD-730720D02895');
--insert into external_identifier (id, obj_version, external_system_id_type_id, external_id, external_id_type, customer_id, product_id) values (newId(), 0, 'A721E11F-6540-486D-9525-537B75C5D669', '9780194760379', 'PRODUCT', null, '0bc82234-9fe4-4cdd-aeec-e469d5e3b7f7');

-- Q Listening and Speaking 2 Online Practice (PK/C) TEACHER - 9780194760386 - b07bded6-ab52-4947-a1c9-95d3c75f8a3a
insert into product (product_type,id,obj_version,erights_id,landing_page, product_name, division_id, registerable_product_id, email, service_level_agreement) values ('REGISTERABLE','b07bded6-ab52-4947-a1c9-95d3c75f8a3a', 0, 999999, 'http://dummypage', 'Q Listening and Speaking 2 Online Practice (PK/C) TEACHER', (select id from division where division_type='ELT'), null, null, null);
insert into registration_definition (registration_definition_type,id,obj_version,product_id,registration_activation_id,page_definition_id,licence_template_id) values ('ACTIVATION_CODE_REGISTRATION', newId(), 0, 'b07bded6-ab52-4947-a1c9-95d3c75f8a3a', 'D7FEFBDF-94D9-4D15-9579-4EF312E4054E', null, '552C200A-7FC4-42E6-91FD-730720D02895');
--insert into external_identifier (id, obj_version, external_system_id_type_id, external_id, external_id_type, customer_id, product_id) values (newId(), 0, 'A721E11F-6540-486D-9525-537B75C5D669', '9780194760386', 'PRODUCT', null, 'b07bded6-ab52-4947-a1c9-95d3c75f8a3a');

-- Q Listening and Speaking 3 Online Practice (PK/C) TEACHER - 9780194760393 - d91983fb-cc5d-4b76-8891-1ca0ed5bcca2
insert into product (product_type,id,obj_version,erights_id,landing_page, product_name, division_id, registerable_product_id, email, service_level_agreement) values ('REGISTERABLE','d91983fb-cc5d-4b76-8891-1ca0ed5bcca2', 0, 999999, 'http://dummypage', 'Q Listening and Speaking 3 Online Practice (PK/C) TEACHER', (select id from division where division_type='ELT'), null, null, null);
insert into registration_definition (registration_definition_type,id,obj_version,product_id,registration_activation_id,page_definition_id,licence_template_id) values ('ACTIVATION_CODE_REGISTRATION', newId(), 0, 'd91983fb-cc5d-4b76-8891-1ca0ed5bcca2', 'D7FEFBDF-94D9-4D15-9579-4EF312E4054E', null, '552C200A-7FC4-42E6-91FD-730720D02895');
--insert into external_identifier (id, obj_version, external_system_id_type_id, external_id, external_id_type, customer_id, product_id) values (newId(), 0, 'A721E11F-6540-486D-9525-537B75C5D669', '9780194760393', 'PRODUCT', null, 'd91983fb-cc5d-4b76-8891-1ca0ed5bcca2');

-- Solutions 2/e Elementary Online WB Czech (PK/C) TEACHER - 9780194549554 - c24ff181-f18a-4531-b66d-ffa89be190fd
insert into product (product_type,id,obj_version,erights_id,landing_page, product_name, division_id, registerable_product_id, email, service_level_agreement) values ('REGISTERABLE','c24ff181-f18a-4531-b66d-ffa89be190fd', 0, 999999, 'http://dummypage', 'Solutions 2/e Elementary Online WB Czech (PK/C) TEACHER', (select id from division where division_type='ELT'), null, null, null);
insert into registration_definition (registration_definition_type,id,obj_version,product_id,registration_activation_id,page_definition_id,licence_template_id) values ('ACTIVATION_CODE_REGISTRATION', newId(), 0, 'c24ff181-f18a-4531-b66d-ffa89be190fd', 'D7FEFBDF-94D9-4D15-9579-4EF312E4054E', null, '552C200A-7FC4-42E6-91FD-730720D02895');
--insert into external_identifier (id, obj_version, external_system_id_type_id, external_id, external_id_type, customer_id, product_id) values (newId(), 0, 'A721E11F-6540-486D-9525-537B75C5D669', '9780194549554', 'PRODUCT', null, 'c24ff181-f18a-4531-b66d-ffa89be190fd');

-- Solutions 2/e Elementary Online WB Dutch (PK/C) TEACHER - 9780194549516 - c564ac4c-1fdd-4b20-bc1d-22444ddcc887
insert into product (product_type,id,obj_version,erights_id,landing_page, product_name, division_id, registerable_product_id, email, service_level_agreement) values ('REGISTERABLE','c564ac4c-1fdd-4b20-bc1d-22444ddcc887', 0, 999999, 'http://dummypage', 'Solutions 2/e Elementary Online WB Dutch (PK/C) TEACHER', (select id from division where division_type='ELT'), null, null, null);
insert into registration_definition (registration_definition_type,id,obj_version,product_id,registration_activation_id,page_definition_id,licence_template_id) values ('ACTIVATION_CODE_REGISTRATION', newId(), 0, 'c564ac4c-1fdd-4b20-bc1d-22444ddcc887', 'D7FEFBDF-94D9-4D15-9579-4EF312E4054E', null, '552C200A-7FC4-42E6-91FD-730720D02895');
--insert into external_identifier (id, obj_version, external_system_id_type_id, external_id, external_id_type, customer_id, product_id) values (newId(), 0, 'A721E11F-6540-486D-9525-537B75C5D669', '9780194549516', 'PRODUCT', null, 'c564ac4c-1fdd-4b20-bc1d-22444ddcc887');

-- Solutions 2/e Elementary Online WB International (PK/C) TEACHER - 9780194551168 - c8842115-59f1-4722-a253-5316019a94de
insert into product (product_type,id,obj_version,erights_id,landing_page, product_name, division_id, registerable_product_id, email, service_level_agreement) values ('REGISTERABLE','c8842115-59f1-4722-a253-5316019a94de', 0, 999999, 'http://dummypage', 'Solutions 2/e Elementary Online WB International (PK/C) TEACHER', (select id from division where division_type='ELT'), null, null, null);
insert into registration_definition (registration_definition_type,id,obj_version,product_id,registration_activation_id,page_definition_id,licence_template_id) values ('ACTIVATION_CODE_REGISTRATION', newId(), 0, 'c8842115-59f1-4722-a253-5316019a94de', 'D7FEFBDF-94D9-4D15-9579-4EF312E4054E', null, '552C200A-7FC4-42E6-91FD-730720D02895');
--insert into external_identifier (id, obj_version, external_system_id_type_id, external_id, external_id_type, customer_id, product_id) values (newId(), 0, 'A721E11F-6540-486D-9525-537B75C5D669', '9780194551168', 'PRODUCT', null, 'c8842115-59f1-4722-a253-5316019a94de');

-- Solutions 2/e Pre-Intermediate Online WB Czech (PK/C) TEACHER - 9780194549561 - 7d2287fe-b71e-45ae-90a3-1f17b30afdb0
insert into product (product_type,id,obj_version,erights_id,landing_page, product_name, division_id, registerable_product_id, email, service_level_agreement) values ('REGISTERABLE','7d2287fe-b71e-45ae-90a3-1f17b30afdb0', 0, 999999, 'http://dummypage', 'Solutions 2/e Pre-Intermediate Online WB Czech (PK/C) TEACHER', (select id from division where division_type='ELT'), null, null, null);
insert into registration_definition (registration_definition_type,id,obj_version,product_id,registration_activation_id,page_definition_id,licence_template_id) values ('ACTIVATION_CODE_REGISTRATION', newId(), 0, '7d2287fe-b71e-45ae-90a3-1f17b30afdb0', 'D7FEFBDF-94D9-4D15-9579-4EF312E4054E', null, '552C200A-7FC4-42E6-91FD-730720D02895');
--insert into external_identifier (id, obj_version, external_system_id_type_id, external_id, external_id_type, customer_id, product_id) values (newId(), 0, 'A721E11F-6540-486D-9525-537B75C5D669', '9780194549561', 'PRODUCT', null, '7d2287fe-b71e-45ae-90a3-1f17b30afdb0');

-- Solutions 2/e Pre-Intermediate Online WB Dutch (PK/C) TEACHER - 9780194549523 - 36c96102-9902-4117-b467-08d0bde99e95
insert into product (product_type,id,obj_version,erights_id,landing_page, product_name, division_id, registerable_product_id, email, service_level_agreement) values ('REGISTERABLE','36c96102-9902-4117-b467-08d0bde99e95', 0, 999999, 'http://dummypage', 'Solutions 2/e Pre-Intermediate Online WB Dutch (PK/C) TEACHER', (select id from division where division_type='ELT'), null, null, null);
insert into registration_definition (registration_definition_type,id,obj_version,product_id,registration_activation_id,page_definition_id,licence_template_id) values ('ACTIVATION_CODE_REGISTRATION', newId(), 0, '36c96102-9902-4117-b467-08d0bde99e95', 'D7FEFBDF-94D9-4D15-9579-4EF312E4054E', null, '552C200A-7FC4-42E6-91FD-730720D02895');
--insert into external_identifier (id, obj_version, external_system_id_type_id, external_id, external_id_type, customer_id, product_id) values (newId(), 0, 'A721E11F-6540-486D-9525-537B75C5D669', '9780194549523', 'PRODUCT', null, '36c96102-9902-4117-b467-08d0bde99e95');

-- Solutions 2/e Pre-Intermediate Online WB International (PK/C) TEACHER - 9780194551175 - 65c8cd42-5e4d-42cb-b2e4-6ae60613cdcf
insert into product (product_type,id,obj_version,erights_id,landing_page, product_name, division_id, registerable_product_id, email, service_level_agreement) values ('REGISTERABLE','65c8cd42-5e4d-42cb-b2e4-6ae60613cdcf', 0, 999999, 'http://dummypage', 'Solutions 2/e Pre-Intermediate Online WB International (PK/C) TEACHER', (select id from division where division_type='ELT'), null, null, null);
insert into registration_definition (registration_definition_type,id,obj_version,product_id,registration_activation_id,page_definition_id,licence_template_id) values ('ACTIVATION_CODE_REGISTRATION', newId(), 0, '65c8cd42-5e4d-42cb-b2e4-6ae60613cdcf', 'D7FEFBDF-94D9-4D15-9579-4EF312E4054E', null, '552C200A-7FC4-42E6-91FD-730720D02895');
--insert into external_identifier (id, obj_version, external_system_id_type_id, external_id, external_id_type, customer_id, product_id) values (newId(), 0, 'A721E11F-6540-486D-9525-537B75C5D669', '9780194551175', 'PRODUCT', null, '65c8cd42-5e4d-42cb-b2e4-6ae60613cdcf');

-- Solutions 2/e Intermediate Online WB Czech (PK/C) TEACHER - 9780194549578 - 432e03e4-f2b8-4efd-aa20-4788e01880ca
insert into product (product_type,id,obj_version,erights_id,landing_page, product_name, division_id, registerable_product_id, email, service_level_agreement) values ('REGISTERABLE','432e03e4-f2b8-4efd-aa20-4788e01880ca', 0, 999999, 'http://dummypage', 'Solutions 2/e Intermediate Online WB Czech (PK/C) TEACHER', (select id from division where division_type='ELT'), null, null, null);
insert into registration_definition (registration_definition_type,id,obj_version,product_id,registration_activation_id,page_definition_id,licence_template_id) values ('ACTIVATION_CODE_REGISTRATION', newId(), 0, '432e03e4-f2b8-4efd-aa20-4788e01880ca', 'D7FEFBDF-94D9-4D15-9579-4EF312E4054E', null, '552C200A-7FC4-42E6-91FD-730720D02895');
--insert into external_identifier (id, obj_version, external_system_id_type_id, external_id, external_id_type, customer_id, product_id) values (newId(), 0, 'A721E11F-6540-486D-9525-537B75C5D669', '9780194549578', 'PRODUCT', null, '432e03e4-f2b8-4efd-aa20-4788e01880ca');

-- Solutions 2/e Intermediate Online WB Dutch (PK/C) TEACHER - 9780194549530 - 4b0b0cc9-66c5-41f5-84a7-926fe04bd9d2
insert into product (product_type,id,obj_version,erights_id,landing_page, product_name, division_id, registerable_product_id, email, service_level_agreement) values ('REGISTERABLE','4b0b0cc9-66c5-41f5-84a7-926fe04bd9d2', 0, 999999, 'http://dummypage', 'Solutions 2/e Intermediate Online WB Dutch (PK/C) TEACHER', (select id from division where division_type='ELT'), null, null, null);
insert into registration_definition (registration_definition_type,id,obj_version,product_id,registration_activation_id,page_definition_id,licence_template_id) values ('ACTIVATION_CODE_REGISTRATION', newId(), 0, '4b0b0cc9-66c5-41f5-84a7-926fe04bd9d2', 'D7FEFBDF-94D9-4D15-9579-4EF312E4054E', null, '552C200A-7FC4-42E6-91FD-730720D02895');
--insert into external_identifier (id, obj_version, external_system_id_type_id, external_id, external_id_type, customer_id, product_id) values (newId(), 0, 'A721E11F-6540-486D-9525-537B75C5D669', '9780194549530', 'PRODUCT', null, '4b0b0cc9-66c5-41f5-84a7-926fe04bd9d2');

-- Solutions 2/e Intermediate Online WB International (PK/C) TEACHER - 9780194551182 - e57bbc59-fbdb-44af-b32f-c37636c19714
insert into product (product_type,id,obj_version,erights_id,landing_page, product_name, division_id, registerable_product_id, email, service_level_agreement) values ('REGISTERABLE','e57bbc59-fbdb-44af-b32f-c37636c19714', 0, 999999, 'http://dummypage', 'Solutions 2/e Intermediate Online WB International (PK/C) TEACHER', (select id from division where division_type='ELT'), null, null, null);
insert into registration_definition (registration_definition_type,id,obj_version,product_id,registration_activation_id,page_definition_id,licence_template_id) values ('ACTIVATION_CODE_REGISTRATION', newId(), 0, 'e57bbc59-fbdb-44af-b32f-c37636c19714', 'D7FEFBDF-94D9-4D15-9579-4EF312E4054E', null, '552C200A-7FC4-42E6-91FD-730720D02895');
--insert into external_identifier (id, obj_version, external_system_id_type_id, external_id, external_id_type, customer_id, product_id) values (newId(), 0, 'A721E11F-6540-486D-9525-537B75C5D669', '9780194551182', 'PRODUCT', null, 'e57bbc59-fbdb-44af-b32f-c37636c19714');

-- EAW 2/e Intro online practice TEACHER - 9780194332422 - 51f420d2-0f6d-41cf-9ba9-fbb0536f4e32
insert into product (product_type,id,obj_version,erights_id,landing_page, product_name, division_id, registerable_product_id, email, service_level_agreement) values ('REGISTERABLE','51f420d2-0f6d-41cf-9ba9-fbb0536f4e32', 0, 999999, 'http://dummypage', 'EAW 2/e Intro online practice TEACHER', (select id from division where division_type='ELT'), null, null, null);
insert into registration_definition (registration_definition_type,id,obj_version,product_id,registration_activation_id,page_definition_id,licence_template_id) values ('ACTIVATION_CODE_REGISTRATION', newId(), 0, '51f420d2-0f6d-41cf-9ba9-fbb0536f4e32', 'D7FEFBDF-94D9-4D15-9579-4EF312E4054E', null, '552C200A-7FC4-42E6-91FD-730720D02895');
--insert into external_identifier (id, obj_version, external_system_id_type_id, external_id, external_id_type, customer_id, product_id) values (newId(), 0, 'A721E11F-6540-486D-9525-537B75C5D669', '9780194332422', 'PRODUCT', null, '51f420d2-0f6d-41cf-9ba9-fbb0536f4e32');

-- EAW 2/e 1 online practice TEACHER - 9780194333917 - c5088eec-08b3-4d93-bfaa-b7fca4e7df8d
insert into product (product_type,id,obj_version,erights_id,landing_page, product_name, division_id, registerable_product_id, email, service_level_agreement) values ('REGISTERABLE','c5088eec-08b3-4d93-bfaa-b7fca4e7df8d', 0, 999999, 'http://dummypage', 'EAW 2/e 1 online practice TEACHER', (select id from division where division_type='ELT'), null, null, null);
insert into registration_definition (registration_definition_type,id,obj_version,product_id,registration_activation_id,page_definition_id,licence_template_id) values ('ACTIVATION_CODE_REGISTRATION', newId(), 0, 'c5088eec-08b3-4d93-bfaa-b7fca4e7df8d', 'D7FEFBDF-94D9-4D15-9579-4EF312E4054E', null, '552C200A-7FC4-42E6-91FD-730720D02895');
--insert into external_identifier (id, obj_version, external_system_id_type_id, external_id, external_id_type, customer_id, product_id) values (newId(), 0, 'A721E11F-6540-486D-9525-537B75C5D669', '9780194333917', 'PRODUCT', null, 'c5088eec-08b3-4d93-bfaa-b7fca4e7df8d');

-- EAW 2/e 2 online practice TEACHER - 9780194323710 - c51b24d1-f98f-4ef9-819a-bfdb548592d9
insert into product (product_type,id,obj_version,erights_id,landing_page, product_name, division_id, registerable_product_id, email, service_level_agreement) values ('REGISTERABLE','c51b24d1-f98f-4ef9-819a-bfdb548592d9', 0, 999999, 'http://dummypage', 'EAW 2/e 2 online practice TEACHER', (select id from division where division_type='ELT'), null, null, null);
insert into registration_definition (registration_definition_type,id,obj_version,product_id,registration_activation_id,page_definition_id,licence_template_id) values ('ACTIVATION_CODE_REGISTRATION', newId(), 0, 'c51b24d1-f98f-4ef9-819a-bfdb548592d9', 'D7FEFBDF-94D9-4D15-9579-4EF312E4054E', null, '552C200A-7FC4-42E6-91FD-730720D02895');
--insert into external_identifier (id, obj_version, external_system_id_type_id, external_id, external_id_type, customer_id, product_id) values (newId(), 0, 'A721E11F-6540-486D-9525-537B75C5D669', '9780194323710', 'PRODUCT', null, 'c51b24d1-f98f-4ef9-819a-bfdb548592d9');

-- EAW 2/e 3 online practice TEACHER - 9780194333924 - d2c0a261-ef30-4842-943e-0f5aa0ebc8e2
insert into product (product_type,id,obj_version,erights_id,landing_page, product_name, division_id, registerable_product_id, email, service_level_agreement) values ('REGISTERABLE','d2c0a261-ef30-4842-943e-0f5aa0ebc8e2', 0, 999999, 'http://dummypage', 'EAW 2/e 3 online practice TEACHER', (select id from division where division_type='ELT'), null, null, null);
insert into registration_definition (registration_definition_type,id,obj_version,product_id,registration_activation_id,page_definition_id,licence_template_id) values ('ACTIVATION_CODE_REGISTRATION', newId(), 0, 'd2c0a261-ef30-4842-943e-0f5aa0ebc8e2', 'D7FEFBDF-94D9-4D15-9579-4EF312E4054E', null, '552C200A-7FC4-42E6-91FD-730720D02895');
--insert into external_identifier (id, obj_version, external_system_id_type_id, external_id, external_id_type, customer_id, product_id) values (newId(), 0, 'A721E11F-6540-486D-9525-537B75C5D669', '9780194333924', 'PRODUCT', null, 'd2c0a261-ef30-4842-943e-0f5aa0ebc8e2');
