----------------------------
-- Oxford Owl Page Script --
----------------------------

-- Vetted countries: Australia, Hong Kong, Mainland China, New Zealand, Turkey
-- Additional data capture countries: Angola, Bhutan, Botswana, Burundi, Canada, India, Kenya, Lesotho, Malawi, Malaysia, Mozambique, Namibia, Nepal, Pakistan, Rwanda, Singapore, South Africa, Sri Lanka, Swaziland, Tanzania, Uganda, Zambia, Zimbabwe

BEGIN

-- ACCOUNT REGISTRATION PAGE
insert into page_definition (id,obj_version,name,title,page_definition_type,division_id, preamble) values ('6AD3DAE4-94D5-46DD-A3E8-9336639E467D', 0, 'OXED Account Registration','title.accountregistration', 'ACCOUNT_PAGE_DEFINITION', 'bfdc5888-c26b-4ed5-a580-6aa363a25e13', null);

-- Messages
insert into message (id, basename, language, country, variant, [key], message) values (newid(), 'messages', null, null, null, 'label.registration.general.note', 'Please make sure you have access to this email account because you will need to access your email to complete registration.');

-- Please note component
insert into component (id,obj_version,label_key) values ('B073ECBD-BA50-49DA-961F-D3F2F15D2567', 0, 'label.header.registration.please.note');
insert into page_component (id,obj_version,component_id,sequence, page_definition_id) values (newId(), 0, 'B073ECBD-BA50-49DA-961F-D3F2F15D2567', 0, '6AD3DAE4-94D5-46DD-A3E8-9336639E467D');
insert into question(id,obj_version,description,element_text,product_specific) values ('7A917B4C-D7E9-47C8-A5CC-623F6E246628', 0, 'Please note', 'label.registration.general.note', 0);
insert into element (id,obj_version,question_id,title_text,help_text,regular_expression) values ('4E40A69E-31FE-4537-B39E-AD58DC2B7260', 0, '7A917B4C-D7E9-47C8-A5CC-623F6E246628', 'label.registration.general.note', null, null);
insert into field (id, obj_version, sequence, element_id, component_id, default_value, required) values (newId(), 0, 1, '4E40A69E-31FE-4537-B39E-AD58DC2B7260', 'B073ECBD-BA50-49DA-961F-D3F2F15D2567', null, 0);
insert into tag (id, obj_version, tag_type, value, empty_option, element_id, url, new_window) values (newId(), 0, 'LABEL', '', 1, '4E40A69E-31FE-4537-B39E-AD58DC2B7260', null, 1);

-- Marketing component
insert into page_component (id,obj_version,component_id,sequence, page_definition_id) values (newId(), 0, '69323313-B3B4-46C5-A4A2-B501B9583829', 1, '6AD3DAE4-94D5-46DD-A3E8-9336639E467D');
-- T&Cs component
insert into page_component (id,obj_version,component_id,sequence, page_definition_id) values (newId(), 0, '328D4DCF-E39B-4BC8-9900-92EEBB82D30F', 2, '6AD3DAE4-94D5-46DD-A3E8-9336639E467D');

-- PRODUCT REGISTRATION PAGE
insert into page_definition (id,obj_version,name,title,page_definition_type,division_id, preamble) values ('2DBF57A4-9F9F-4651-8A42-6474E88C6B7D', 0, 'OXED Oxford Owl','title.productregistration', 'PRODUCT_PAGE_DEFINITION', 'bfdc5888-c26b-4ed5-a580-6aa363a25e13', 'label.oxford.owl.preamble');

-- Messages
insert into message (id, basename, language, country, variant, [key], message) values (newid(), 'messages', null, null, null, 'label.oxford.owl.preamble', 'Almost there ! Just a few more details to get to our tablet-friendly eBooks.');
insert into message (id, basename, language, country, variant, [key], message) values (newid(), 'messages', null, null, null, 'label.registration.your.details', 'Your Details');
insert into message (id, basename, language, country, variant, [key], message) values (newid(), 'messages', null, null, null, 'label.registration.parentteacher', 'Parent or Teacher');
insert into message (id, basename, language, country, variant, [key], message) values (newid(), 'messages', null, null, null, 'label.registration.parent', 'Parent');
insert into message (id, basename, language, country, variant, [key], message) values (newid(), 'messages', null, null, null, 'label.registration.teacher', 'Teacher');
insert into message (id, basename, language, country, variant, [key], message) values (newid(), 'messages', null, null, null, 'label.registration.school.name', 'School Name');
insert into message (id, basename, language, country, variant, [key], message) values (newid(), 'messages', null, null, null, 'label.registration.oxford.owl.tandc', 'I have read and agreed to Oxford Owl''''s terms, conditions and privacy policy');
insert into message (id, basename, language, country, variant, [key], message) values (newid(), 'messages', null, null, null, 'label.registration.oxford.owl.tandc.link', 'Read our Terms and Conditions and privacy policy');

-- Your Details component
insert into component (id,obj_version,label_key) values ('A3F2C812-E2AC-4DC4-8B60-0FA6066FD07B', 0, 'label.registration.your.details');
insert into page_component (id,obj_version,component_id,sequence, page_definition_id) values (newId(), 0, 'A3F2C812-E2AC-4DC4-8B60-0FA6066FD07B', 0, '2DBF57A4-9F9F-4651-8A42-6474E88C6B7D');

-- Parent/Teacher
insert into question (id, obj_version, description, element_text, product_specific) values('3C7962B6-50B4-44FF-B5EA-05D11436C55D', 0, 'Parent/Teacher', 'label.registration.parentteacher', 0);
insert into element (id,obj_version,title_text,help_text,regular_expression, question_id) values ('CC158E8A-6BC8-421A-99AE-23D3070FC7EF', 0, 'label.registration.parentteacher', null, null, '3C7962B6-50B4-44FF-B5EA-05D11436C55D');
insert into tag (id, obj_version, tag_type, value, empty_option, element_id, url) values ('8EDC3D4A-F4AB-4D04-9689-C37319F88DEF', 0, 'SELECT', null, 1, 'CC158E8A-6BC8-421A-99AE-23D3070FC7EF', null);
insert into tag_option (id, obj_version, label, sequence, value, tag_id) values (newId(), 0, 'label.registration.parent', 0, 'parent', '8EDC3D4A-F4AB-4D04-9689-C37319F88DEF');
insert into tag_option (id, obj_version, label, sequence, value, tag_id) values (newId(), 0, 'label.registration.teacher', 1, 'teacher', '8EDC3D4A-F4AB-4D04-9689-C37319F88DEF');
insert into field (id, obj_version, sequence, element_id, component_id, default_value, required) values ('79092901-BB9C-42A6-9E4C-379A5FA718A9', 0, 0, 'CC158E8A-6BC8-421A-99AE-23D3070FC7EF', 'A3F2C812-E2AC-4DC4-8B60-0FA6066FD07B', null, 1);

-- School name
insert into question (id, obj_version, description, element_text, product_specific) values('F0A0BC84-8F46-4E0C-BEF4-837EDC747D62', 0, 'School Name', 'label.registration.school.name', 0);
insert into element (id,obj_version,title_text,help_text,regular_expression, question_id) values ('17751BE3-AF23-495B-8B53-557265B5D777', 0, 'label.registration.school.name', null, null, 'F0A0BC84-8F46-4E0C-BEF4-837EDC747D62');
insert into tag (id, obj_version, tag_type, value, empty_option, element_id, url) values ('DD8441AE-ADD5-4CA0-88CD-9359404C34A6', 0, 'TEXTFIELD', null, 0, '17751BE3-AF23-495B-8B53-557265B5D777', null);
insert into field (id, obj_version, sequence, element_id, component_id, default_value, required) values (newId(), 0, 1, '17751BE3-AF23-495B-8B53-557265B5D777', 'A3F2C812-E2AC-4DC4-8B60-0FA6066FD07B', null, 1);
insert into element_country_restriction (id, obj_version, element_id, locale) values (newId(), 0, '17751BE3-AF23-495B-8B53-557265B5D777', 'en_AU');
insert into element_country_restriction (id, obj_version, element_id, locale) values (newId(), 0, '17751BE3-AF23-495B-8B53-557265B5D777', 'en_NZ');
insert into element_country_restriction (id, obj_version, element_id, locale) values (newId(), 0, '17751BE3-AF23-495B-8B53-557265B5D777', 'en_HK');
insert into element_country_restriction (id, obj_version, element_id, locale) values (newId(), 0, '17751BE3-AF23-495B-8B53-557265B5D777', 'en_TR');
insert into element_country_restriction (id, obj_version, element_id, locale) values (newId(), 0, '17751BE3-AF23-495B-8B53-557265B5D777', 'tr_TR');
insert into element_country_restriction (id, obj_version, element_id, locale) values (newId(), 0, '17751BE3-AF23-495B-8B53-557265B5D777', 'ms_MY');
insert into element_country_restriction (id, obj_version, element_id, locale) values (newId(), 0, '17751BE3-AF23-495B-8B53-557265B5D777', 'en_CN');
insert into element_country_restriction (id, obj_version, element_id, locale) values (newId(), 0, '17751BE3-AF23-495B-8B53-557265B5D777', 'en_AO');
insert into element_country_restriction (id, obj_version, element_id, locale) values (newId(), 0, '17751BE3-AF23-495B-8B53-557265B5D777', 'en_BT');
insert into element_country_restriction (id, obj_version, element_id, locale) values (newId(), 0, '17751BE3-AF23-495B-8B53-557265B5D777', 'en_BW');
insert into element_country_restriction (id, obj_version, element_id, locale) values (newId(), 0, '17751BE3-AF23-495B-8B53-557265B5D777', 'en_BI');
insert into element_country_restriction (id, obj_version, element_id, locale) values (newId(), 0, '17751BE3-AF23-495B-8B53-557265B5D777', 'en_CA');
insert into element_country_restriction (id, obj_version, element_id, locale) values (newId(), 0, '17751BE3-AF23-495B-8B53-557265B5D777', 'en_IN');
insert into element_country_restriction (id, obj_version, element_id, locale) values (newId(), 0, '17751BE3-AF23-495B-8B53-557265B5D777', 'en_KE');
insert into element_country_restriction (id, obj_version, element_id, locale) values (newId(), 0, '17751BE3-AF23-495B-8B53-557265B5D777', 'en_LS');
insert into element_country_restriction (id, obj_version, element_id, locale) values (newId(), 0, '17751BE3-AF23-495B-8B53-557265B5D777', 'en_ML');
insert into element_country_restriction (id, obj_version, element_id, locale) values (newId(), 0, '17751BE3-AF23-495B-8B53-557265B5D777', 'en_MZ');
insert into element_country_restriction (id, obj_version, element_id, locale) values (newId(), 0, '17751BE3-AF23-495B-8B53-557265B5D777', 'en_NA');
insert into element_country_restriction (id, obj_version, element_id, locale) values (newId(), 0, '17751BE3-AF23-495B-8B53-557265B5D777', 'en_NP');
insert into element_country_restriction (id, obj_version, element_id, locale) values (newId(), 0, '17751BE3-AF23-495B-8B53-557265B5D777', 'en_PK');
insert into element_country_restriction (id, obj_version, element_id, locale) values (newId(), 0, '17751BE3-AF23-495B-8B53-557265B5D777', 'en_RW');
insert into element_country_restriction (id, obj_version, element_id, locale) values (newId(), 0, '17751BE3-AF23-495B-8B53-557265B5D777', 'en_SK');
insert into element_country_restriction (id, obj_version, element_id, locale) values (newId(), 0, '17751BE3-AF23-495B-8B53-557265B5D777', 'en_ZA');
insert into element_country_restriction (id, obj_version, element_id, locale) values (newId(), 0, '17751BE3-AF23-495B-8B53-557265B5D777', 'en_LK');
insert into element_country_restriction (id, obj_version, element_id, locale) values (newId(), 0, '17751BE3-AF23-495B-8B53-557265B5D777', 'en_SZ');
insert into element_country_restriction (id, obj_version, element_id, locale) values (newId(), 0, '17751BE3-AF23-495B-8B53-557265B5D777', 'en_TZ');
insert into element_country_restriction (id, obj_version, element_id, locale) values (newId(), 0, '17751BE3-AF23-495B-8B53-557265B5D777', 'en_UG');
insert into element_country_restriction (id, obj_version, element_id, locale) values (newId(), 0, '17751BE3-AF23-495B-8B53-557265B5D777', 'en_ZW');

-- Town/City vetted list only
declare @questionId nvarchar(255);
select @questionId = id from question where description = 'professional.address.line3' and element_text = 'label.registration.address.line3';
insert into element (id,obj_version,title_text,help_text,regular_expression, question_id) values ('8678E1BC-9331-4540-869E-11F875043234', 0, 'label.registration.address.line3', null, null, @questionId);
insert into tag (id, obj_version, tag_type, value, empty_option, element_id, url) values ('D0951716-B22C-43D8-8B99-6CD348D4090F', 0, 'TEXTFIELD', null, 0, '8678E1BC-9331-4540-869E-11F875043234', null);
insert into field (id, obj_version, sequence, element_id, component_id, default_value, required) values (newId(), 0, 2, '8678E1BC-9331-4540-869E-11F875043234', 'A3F2C812-E2AC-4DC4-8B60-0FA6066FD07B', null, 1);
insert into element_country_restriction (id, obj_version, element_id, locale) values (newId(), 0, '8678E1BC-9331-4540-869E-11F875043234', 'en_AU');
insert into element_country_restriction (id, obj_version, element_id, locale) values (newId(), 0, '8678E1BC-9331-4540-869E-11F875043234', 'en_NZ');
insert into element_country_restriction (id, obj_version, element_id, locale) values (newId(), 0, '8678E1BC-9331-4540-869E-11F875043234', 'en_HK');
insert into element_country_restriction (id, obj_version, element_id, locale) values (newId(), 0, '8678E1BC-9331-4540-869E-11F875043234', 'en_TR');
insert into element_country_restriction (id, obj_version, element_id, locale) values (newId(), 0, '8678E1BC-9331-4540-869E-11F875043234', 'tr_TR');
insert into element_country_restriction (id, obj_version, element_id, locale) values (newId(), 0, '8678E1BC-9331-4540-869E-11F875043234', 'ms_MY');
insert into element_country_restriction (id, obj_version, element_id, locale) values (newId(), 0, '8678E1BC-9331-4540-869E-11F875043234', 'en_CN');
insert into element_country_restriction (id, obj_version, element_id, locale) values (newId(), 0, '8678E1BC-9331-4540-869E-11F875043234', 'en_AO');
insert into element_country_restriction (id, obj_version, element_id, locale) values (newId(), 0, '8678E1BC-9331-4540-869E-11F875043234', 'en_BT');
insert into element_country_restriction (id, obj_version, element_id, locale) values (newId(), 0, '8678E1BC-9331-4540-869E-11F875043234', 'en_BW');
insert into element_country_restriction (id, obj_version, element_id, locale) values (newId(), 0, '8678E1BC-9331-4540-869E-11F875043234', 'en_BI');
insert into element_country_restriction (id, obj_version, element_id, locale) values (newId(), 0, '8678E1BC-9331-4540-869E-11F875043234', 'en_CA');
insert into element_country_restriction (id, obj_version, element_id, locale) values (newId(), 0, '8678E1BC-9331-4540-869E-11F875043234', 'en_IN');
insert into element_country_restriction (id, obj_version, element_id, locale) values (newId(), 0, '8678E1BC-9331-4540-869E-11F875043234', 'en_KE');
insert into element_country_restriction (id, obj_version, element_id, locale) values (newId(), 0, '8678E1BC-9331-4540-869E-11F875043234', 'en_LS');
insert into element_country_restriction (id, obj_version, element_id, locale) values (newId(), 0, '8678E1BC-9331-4540-869E-11F875043234', 'en_ML');
insert into element_country_restriction (id, obj_version, element_id, locale) values (newId(), 0, '8678E1BC-9331-4540-869E-11F875043234', 'en_MZ');
insert into element_country_restriction (id, obj_version, element_id, locale) values (newId(), 0, '8678E1BC-9331-4540-869E-11F875043234', 'en_NA');
insert into element_country_restriction (id, obj_version, element_id, locale) values (newId(), 0, '8678E1BC-9331-4540-869E-11F875043234', 'en_NP');
insert into element_country_restriction (id, obj_version, element_id, locale) values (newId(), 0, '8678E1BC-9331-4540-869E-11F875043234', 'en_PK');
insert into element_country_restriction (id, obj_version, element_id, locale) values (newId(), 0, '8678E1BC-9331-4540-869E-11F875043234', 'en_RW');
insert into element_country_restriction (id, obj_version, element_id, locale) values (newId(), 0, '8678E1BC-9331-4540-869E-11F875043234', 'en_SK');
insert into element_country_restriction (id, obj_version, element_id, locale) values (newId(), 0, '8678E1BC-9331-4540-869E-11F875043234', 'en_ZA');
insert into element_country_restriction (id, obj_version, element_id, locale) values (newId(), 0, '8678E1BC-9331-4540-869E-11F875043234', 'en_LK');
insert into element_country_restriction (id, obj_version, element_id, locale) values (newId(), 0, '8678E1BC-9331-4540-869E-11F875043234', 'en_SZ');
insert into element_country_restriction (id, obj_version, element_id, locale) values (newId(), 0, '8678E1BC-9331-4540-869E-11F875043234', 'en_TZ');
insert into element_country_restriction (id, obj_version, element_id, locale) values (newId(), 0, '8678E1BC-9331-4540-869E-11F875043234', 'en_UG');
insert into element_country_restriction (id, obj_version, element_id, locale) values (newId(), 0, '8678E1BC-9331-4540-869E-11F875043234', 'en_ZW');

-- State vetted list only
select @questionId = id from question where description = 'professional.address.line5' and element_text = 'label.registration.address.line5';
insert into element (id,obj_version,title_text,help_text,regular_expression, question_id) values ('F33F3BBF-8C8E-47A4-B56B-AFAD41FC1218', 0, 'label.registration.address.line5', null, null, @questionId);
insert into tag (id, obj_version, tag_type, value, empty_option, element_id, url) values ('44D0CE6F-7D4C-495B-8105-73459C39A378', 0, 'TEXTFIELD', null, 0, 'F33F3BBF-8C8E-47A4-B56B-AFAD41FC1218', null);
insert into field (id, obj_version, sequence, element_id, component_id, default_value, required) values (newId(), 0, 3, 'F33F3BBF-8C8E-47A4-B56B-AFAD41FC1218', 'A3F2C812-E2AC-4DC4-8B60-0FA6066FD07B', null, 0);
insert into element_country_restriction (id, obj_version, element_id, locale) values (newId(), 0, 'F33F3BBF-8C8E-47A4-B56B-AFAD41FC1218', 'en_AU');
insert into element_country_restriction (id, obj_version, element_id, locale) values (newId(), 0, 'F33F3BBF-8C8E-47A4-B56B-AFAD41FC1218', 'en_NZ');
insert into element_country_restriction (id, obj_version, element_id, locale) values (newId(), 0, 'F33F3BBF-8C8E-47A4-B56B-AFAD41FC1218', 'en_HK');
insert into element_country_restriction (id, obj_version, element_id, locale) values (newId(), 0, 'F33F3BBF-8C8E-47A4-B56B-AFAD41FC1218', 'en_TR');
insert into element_country_restriction (id, obj_version, element_id, locale) values (newId(), 0, 'F33F3BBF-8C8E-47A4-B56B-AFAD41FC1218', 'tr_TR');
insert into element_country_restriction (id, obj_version, element_id, locale) values (newId(), 0, 'F33F3BBF-8C8E-47A4-B56B-AFAD41FC1218', 'ms_MY');
insert into element_country_restriction (id, obj_version, element_id, locale) values (newId(), 0, 'F33F3BBF-8C8E-47A4-B56B-AFAD41FC1218', 'en_CN');
insert into element_country_restriction (id, obj_version, element_id, locale) values (newId(), 0, 'F33F3BBF-8C8E-47A4-B56B-AFAD41FC1218', 'en_AO');
insert into element_country_restriction (id, obj_version, element_id, locale) values (newId(), 0, 'F33F3BBF-8C8E-47A4-B56B-AFAD41FC1218', 'en_BT');
insert into element_country_restriction (id, obj_version, element_id, locale) values (newId(), 0, 'F33F3BBF-8C8E-47A4-B56B-AFAD41FC1218', 'en_BW');
insert into element_country_restriction (id, obj_version, element_id, locale) values (newId(), 0, 'F33F3BBF-8C8E-47A4-B56B-AFAD41FC1218', 'en_BI');
insert into element_country_restriction (id, obj_version, element_id, locale) values (newId(), 0, 'F33F3BBF-8C8E-47A4-B56B-AFAD41FC1218', 'en_CA');
insert into element_country_restriction (id, obj_version, element_id, locale) values (newId(), 0, 'F33F3BBF-8C8E-47A4-B56B-AFAD41FC1218', 'en_IN');
insert into element_country_restriction (id, obj_version, element_id, locale) values (newId(), 0, 'F33F3BBF-8C8E-47A4-B56B-AFAD41FC1218', 'en_KE');
insert into element_country_restriction (id, obj_version, element_id, locale) values (newId(), 0, 'F33F3BBF-8C8E-47A4-B56B-AFAD41FC1218', 'en_LS');
insert into element_country_restriction (id, obj_version, element_id, locale) values (newId(), 0, 'F33F3BBF-8C8E-47A4-B56B-AFAD41FC1218', 'en_ML');
insert into element_country_restriction (id, obj_version, element_id, locale) values (newId(), 0, 'F33F3BBF-8C8E-47A4-B56B-AFAD41FC1218', 'en_MZ');
insert into element_country_restriction (id, obj_version, element_id, locale) values (newId(), 0, 'F33F3BBF-8C8E-47A4-B56B-AFAD41FC1218', 'en_NA');
insert into element_country_restriction (id, obj_version, element_id, locale) values (newId(), 0, 'F33F3BBF-8C8E-47A4-B56B-AFAD41FC1218', 'en_NP');
insert into element_country_restriction (id, obj_version, element_id, locale) values (newId(), 0, 'F33F3BBF-8C8E-47A4-B56B-AFAD41FC1218', 'en_PK');
insert into element_country_restriction (id, obj_version, element_id, locale) values (newId(), 0, 'F33F3BBF-8C8E-47A4-B56B-AFAD41FC1218', 'en_RW');
insert into element_country_restriction (id, obj_version, element_id, locale) values (newId(), 0, 'F33F3BBF-8C8E-47A4-B56B-AFAD41FC1218', 'en_SK');
insert into element_country_restriction (id, obj_version, element_id, locale) values (newId(), 0, 'F33F3BBF-8C8E-47A4-B56B-AFAD41FC1218', 'en_ZA');
insert into element_country_restriction (id, obj_version, element_id, locale) values (newId(), 0, 'F33F3BBF-8C8E-47A4-B56B-AFAD41FC1218', 'en_LK');
insert into element_country_restriction (id, obj_version, element_id, locale) values (newId(), 0, 'F33F3BBF-8C8E-47A4-B56B-AFAD41FC1218', 'en_SZ');
insert into element_country_restriction (id, obj_version, element_id, locale) values (newId(), 0, 'F33F3BBF-8C8E-47A4-B56B-AFAD41FC1218', 'en_TZ');
insert into element_country_restriction (id, obj_version, element_id, locale) values (newId(), 0, 'F33F3BBF-8C8E-47A4-B56B-AFAD41FC1218', 'en_UG');
insert into element_country_restriction (id, obj_version, element_id, locale) values (newId(), 0, 'F33F3BBF-8C8E-47A4-B56B-AFAD41FC1218', 'en_ZW');

-- Country/Region vetted list only
select @questionId = id from question where description = 'professional.address.line6' and element_text = 'label.registration.address.line6';
insert into element (id,obj_version,question_id,title_text,help_text,regular_expression) values ('94F31263-1518-484B-A4F7-1211E2B639C4', 0, 'DAA7CFAA-A4C9-4A9E-9A20-7826F49C7A98', 'title.registration.address.line6', null, null);
insert into field (id, obj_version, sequence, element_id, component_id, default_value, required) values (newId(), 0, 4, '94F31263-1518-484B-A4F7-1211E2B639C4', 'A3F2C812-E2AC-4DC4-8B60-0FA6066FD07B', null, 1);
insert into tag (id, obj_version, tag_type, value, empty_option, element_id, url) values ('836C4A52-A815-4662-BDC2-3F5DF22F20D7', 0, 'SELECT', '', 1, '94F31263-1518-484B-A4F7-1211E2B639C4', '');
insert into tag_option (id, obj_version, label, sequence, value, tag_id) values (newId(), 0, 'label.registration.country.af', 0, 'af', '836C4A52-A815-4662-BDC2-3F5DF22F20D7');
insert into tag_option (id, obj_version, label, sequence, value, tag_id) values (newId(), 0, 'label.registration.country.ax', 1, 'ax', '836C4A52-A815-4662-BDC2-3F5DF22F20D7');
insert into tag_option (id, obj_version, label, sequence, value, tag_id) values (newId(), 0, 'label.registration.country.al', 2, 'al', '836C4A52-A815-4662-BDC2-3F5DF22F20D7');
insert into tag_option (id, obj_version, label, sequence, value, tag_id) values (newId(), 0, 'label.registration.country.dz', 3, 'dz', '836C4A52-A815-4662-BDC2-3F5DF22F20D7');
insert into tag_option (id, obj_version, label, sequence, value, tag_id) values (newId(), 0, 'label.registration.country.as', 4, 'as', '836C4A52-A815-4662-BDC2-3F5DF22F20D7');
insert into tag_option (id, obj_version, label, sequence, value, tag_id) values (newId(), 0, 'label.registration.country.ad', 5, 'ad', '836C4A52-A815-4662-BDC2-3F5DF22F20D7');
insert into tag_option (id, obj_version, label, sequence, value, tag_id) values (newId(), 0, 'label.registration.country.ao', 6, 'ao', '836C4A52-A815-4662-BDC2-3F5DF22F20D7');
insert into tag_option (id, obj_version, label, sequence, value, tag_id) values (newId(), 0, 'label.registration.country.ai', 7, 'ai', '836C4A52-A815-4662-BDC2-3F5DF22F20D7');
insert into tag_option (id, obj_version, label, sequence, value, tag_id) values (newId(), 0, 'label.registration.country.aq', 8, 'aq', '836C4A52-A815-4662-BDC2-3F5DF22F20D7');
insert into tag_option (id, obj_version, label, sequence, value, tag_id) values (newId(), 0, 'label.registration.country.ag', 9, 'ag', '836C4A52-A815-4662-BDC2-3F5DF22F20D7');
insert into tag_option (id, obj_version, label, sequence, value, tag_id) values (newId(), 0, 'label.registration.country.ar', 10, 'ar', '836C4A52-A815-4662-BDC2-3F5DF22F20D7');
insert into tag_option (id, obj_version, label, sequence, value, tag_id) values (newId(), 0, 'label.registration.country.am', 11, 'am', '836C4A52-A815-4662-BDC2-3F5DF22F20D7');
insert into tag_option (id, obj_version, label, sequence, value, tag_id) values (newId(), 0, 'label.registration.country.aw', 12, 'aw', '836C4A52-A815-4662-BDC2-3F5DF22F20D7');
insert into tag_option (id, obj_version, label, sequence, value, tag_id) values (newId(), 0, 'label.registration.country.au', 13, 'au', '836C4A52-A815-4662-BDC2-3F5DF22F20D7');
insert into tag_option (id, obj_version, label, sequence, value, tag_id) values (newId(), 0, 'label.registration.country.at', 14, 'at', '836C4A52-A815-4662-BDC2-3F5DF22F20D7');
insert into tag_option (id, obj_version, label, sequence, value, tag_id) values (newId(), 0, 'label.registration.country.az', 15, 'az', '836C4A52-A815-4662-BDC2-3F5DF22F20D7');
insert into tag_option (id, obj_version, label, sequence, value, tag_id) values (newId(), 0, 'label.registration.country.bs', 16, 'bs', '836C4A52-A815-4662-BDC2-3F5DF22F20D7');
insert into tag_option (id, obj_version, label, sequence, value, tag_id) values (newId(), 0, 'label.registration.country.bh', 17, 'bh', '836C4A52-A815-4662-BDC2-3F5DF22F20D7');
insert into tag_option (id, obj_version, label, sequence, value, tag_id) values (newId(), 0, 'label.registration.country.bd', 18, 'bd', '836C4A52-A815-4662-BDC2-3F5DF22F20D7');
insert into tag_option (id, obj_version, label, sequence, value, tag_id) values (newId(), 0, 'label.registration.country.bb', 19, 'bb', '836C4A52-A815-4662-BDC2-3F5DF22F20D7');
insert into tag_option (id, obj_version, label, sequence, value, tag_id) values (newId(), 0, 'label.registration.country.by', 20, 'by', '836C4A52-A815-4662-BDC2-3F5DF22F20D7');
insert into tag_option (id, obj_version, label, sequence, value, tag_id) values (newId(), 0, 'label.registration.country.be', 21, 'be', '836C4A52-A815-4662-BDC2-3F5DF22F20D7');
insert into tag_option (id, obj_version, label, sequence, value, tag_id) values (newId(), 0, 'label.registration.country.bz', 22, 'bz', '836C4A52-A815-4662-BDC2-3F5DF22F20D7');
insert into tag_option (id, obj_version, label, sequence, value, tag_id) values (newId(), 0, 'label.registration.country.bj', 23, 'bj', '836C4A52-A815-4662-BDC2-3F5DF22F20D7');
insert into tag_option (id, obj_version, label, sequence, value, tag_id) values (newId(), 0, 'label.registration.country.bm', 24, 'bm', '836C4A52-A815-4662-BDC2-3F5DF22F20D7');
insert into tag_option (id, obj_version, label, sequence, value, tag_id) values (newId(), 0, 'label.registration.country.bt', 25, 'bt', '836C4A52-A815-4662-BDC2-3F5DF22F20D7');
insert into tag_option (id, obj_version, label, sequence, value, tag_id) values (newId(), 0, 'label.registration.country.bo', 26, 'bo', '836C4A52-A815-4662-BDC2-3F5DF22F20D7');
insert into tag_option (id, obj_version, label, sequence, value, tag_id) values (newId(), 0, 'label.registration.country.bq', 27, 'bq', '836C4A52-A815-4662-BDC2-3F5DF22F20D7');
insert into tag_option (id, obj_version, label, sequence, value, tag_id) values (newId(), 0, 'label.registration.country.ba', 28, 'ba', '836C4A52-A815-4662-BDC2-3F5DF22F20D7');
insert into tag_option (id, obj_version, label, sequence, value, tag_id) values (newId(), 0, 'label.registration.country.bw', 29, 'bw', '836C4A52-A815-4662-BDC2-3F5DF22F20D7');
insert into tag_option (id, obj_version, label, sequence, value, tag_id) values (newId(), 0, 'label.registration.country.bv', 30, 'bv', '836C4A52-A815-4662-BDC2-3F5DF22F20D7');
insert into tag_option (id, obj_version, label, sequence, value, tag_id) values (newId(), 0, 'label.registration.country.br', 31, 'br', '836C4A52-A815-4662-BDC2-3F5DF22F20D7');
insert into tag_option (id, obj_version, label, sequence, value, tag_id) values (newId(), 0, 'label.registration.country.io', 32, 'io', '836C4A52-A815-4662-BDC2-3F5DF22F20D7');
insert into tag_option (id, obj_version, label, sequence, value, tag_id) values (newId(), 0, 'label.registration.country.bn', 33, 'bn', '836C4A52-A815-4662-BDC2-3F5DF22F20D7');
insert into tag_option (id, obj_version, label, sequence, value, tag_id) values (newId(), 0, 'label.registration.country.bg', 34, 'bg', '836C4A52-A815-4662-BDC2-3F5DF22F20D7');
insert into tag_option (id, obj_version, label, sequence, value, tag_id) values (newId(), 0, 'label.registration.country.bf', 35, 'bf', '836C4A52-A815-4662-BDC2-3F5DF22F20D7');
insert into tag_option (id, obj_version, label, sequence, value, tag_id) values (newId(), 0, 'label.registration.country.bi', 36, 'bi', '836C4A52-A815-4662-BDC2-3F5DF22F20D7');
insert into tag_option (id, obj_version, label, sequence, value, tag_id) values (newId(), 0, 'label.registration.country.kh', 37, 'kh', '836C4A52-A815-4662-BDC2-3F5DF22F20D7');
insert into tag_option (id, obj_version, label, sequence, value, tag_id) values (newId(), 0, 'label.registration.country.cm', 38, 'cm', '836C4A52-A815-4662-BDC2-3F5DF22F20D7');
insert into tag_option (id, obj_version, label, sequence, value, tag_id) values (newId(), 0, 'label.registration.country.ca', 39, 'ca', '836C4A52-A815-4662-BDC2-3F5DF22F20D7');
insert into tag_option (id, obj_version, label, sequence, value, tag_id) values (newId(), 0, 'label.registration.country.cv', 40, 'cv', '836C4A52-A815-4662-BDC2-3F5DF22F20D7');
insert into tag_option (id, obj_version, label, sequence, value, tag_id) values (newId(), 0, 'label.registration.country.ky', 41, 'ky', '836C4A52-A815-4662-BDC2-3F5DF22F20D7');
insert into tag_option (id, obj_version, label, sequence, value, tag_id) values (newId(), 0, 'label.registration.country.cf', 42, 'cf', '836C4A52-A815-4662-BDC2-3F5DF22F20D7');
insert into tag_option (id, obj_version, label, sequence, value, tag_id) values (newId(), 0, 'label.registration.country.td', 43, 'td', '836C4A52-A815-4662-BDC2-3F5DF22F20D7');
insert into tag_option (id, obj_version, label, sequence, value, tag_id) values (newId(), 0, 'label.registration.country.cl', 44, 'cl', '836C4A52-A815-4662-BDC2-3F5DF22F20D7');
insert into tag_option (id, obj_version, label, sequence, value, tag_id) values (newId(), 0, 'label.registration.country.cn', 45, 'cn', '836C4A52-A815-4662-BDC2-3F5DF22F20D7');
insert into tag_option (id, obj_version, label, sequence, value, tag_id) values (newId(), 0, 'label.registration.country.cx', 46, 'cx', '836C4A52-A815-4662-BDC2-3F5DF22F20D7');
insert into tag_option (id, obj_version, label, sequence, value, tag_id) values (newId(), 0, 'label.registration.country.cc', 47, 'cc', '836C4A52-A815-4662-BDC2-3F5DF22F20D7');
insert into tag_option (id, obj_version, label, sequence, value, tag_id) values (newId(), 0, 'label.registration.country.co', 48, 'co', '836C4A52-A815-4662-BDC2-3F5DF22F20D7');
insert into tag_option (id, obj_version, label, sequence, value, tag_id) values (newId(), 0, 'label.registration.country.km', 49, 'km', '836C4A52-A815-4662-BDC2-3F5DF22F20D7');
insert into tag_option (id, obj_version, label, sequence, value, tag_id) values (newId(), 0, 'label.registration.country.cg', 50, 'cg', '836C4A52-A815-4662-BDC2-3F5DF22F20D7');
insert into tag_option (id, obj_version, label, sequence, value, tag_id) values (newId(), 0, 'label.registration.country.cd', 51, 'cd', '836C4A52-A815-4662-BDC2-3F5DF22F20D7');
insert into tag_option (id, obj_version, label, sequence, value, tag_id) values (newId(), 0, 'label.registration.country.ck', 52, 'ck', '836C4A52-A815-4662-BDC2-3F5DF22F20D7');
insert into tag_option (id, obj_version, label, sequence, value, tag_id) values (newId(), 0, 'label.registration.country.cr', 53, 'cr', '836C4A52-A815-4662-BDC2-3F5DF22F20D7');
insert into tag_option (id, obj_version, label, sequence, value, tag_id) values (newId(), 0, 'label.registration.country.ci', 54, 'ci', '836C4A52-A815-4662-BDC2-3F5DF22F20D7');
insert into tag_option (id, obj_version, label, sequence, value, tag_id) values (newId(), 0, 'label.registration.country.hr', 55, 'hr', '836C4A52-A815-4662-BDC2-3F5DF22F20D7');
insert into tag_option (id, obj_version, label, sequence, value, tag_id) values (newId(), 0, 'label.registration.country.cu', 56, 'cu', '836C4A52-A815-4662-BDC2-3F5DF22F20D7');
insert into tag_option (id, obj_version, label, sequence, value, tag_id) values (newId(), 0, 'label.registration.country.cw', 57, 'cw', '836C4A52-A815-4662-BDC2-3F5DF22F20D7');
insert into tag_option (id, obj_version, label, sequence, value, tag_id) values (newId(), 0, 'label.registration.country.cy', 58, 'cy', '836C4A52-A815-4662-BDC2-3F5DF22F20D7');
insert into tag_option (id, obj_version, label, sequence, value, tag_id) values (newId(), 0, 'label.registration.country.cz', 59, 'cz', '836C4A52-A815-4662-BDC2-3F5DF22F20D7');
insert into tag_option (id, obj_version, label, sequence, value, tag_id) values (newId(), 0, 'label.registration.country.dk', 60, 'dk', '836C4A52-A815-4662-BDC2-3F5DF22F20D7');
insert into tag_option (id, obj_version, label, sequence, value, tag_id) values (newId(), 0, 'label.registration.country.dj', 61, 'dj', '836C4A52-A815-4662-BDC2-3F5DF22F20D7');
insert into tag_option (id, obj_version, label, sequence, value, tag_id) values (newId(), 0, 'label.registration.country.dm', 62, 'dm', '836C4A52-A815-4662-BDC2-3F5DF22F20D7');
insert into tag_option (id, obj_version, label, sequence, value, tag_id) values (newId(), 0, 'label.registration.country.do', 63, 'do', '836C4A52-A815-4662-BDC2-3F5DF22F20D7');
insert into tag_option (id, obj_version, label, sequence, value, tag_id) values (newId(), 0, 'label.registration.country.ec', 64, 'ec', '836C4A52-A815-4662-BDC2-3F5DF22F20D7');
insert into tag_option (id, obj_version, label, sequence, value, tag_id) values (newId(), 0, 'label.registration.country.eg', 65, 'eg', '836C4A52-A815-4662-BDC2-3F5DF22F20D7');
insert into tag_option (id, obj_version, label, sequence, value, tag_id) values (newId(), 0, 'label.registration.country.sv', 66, 'sv', '836C4A52-A815-4662-BDC2-3F5DF22F20D7');
insert into tag_option (id, obj_version, label, sequence, value, tag_id) values (newId(), 0, 'label.registration.country.gq', 67, 'gq', '836C4A52-A815-4662-BDC2-3F5DF22F20D7');
insert into tag_option (id, obj_version, label, sequence, value, tag_id) values (newId(), 0, 'label.registration.country.er', 68, 'er', '836C4A52-A815-4662-BDC2-3F5DF22F20D7');
insert into tag_option (id, obj_version, label, sequence, value, tag_id) values (newId(), 0, 'label.registration.country.ee', 69, 'ee', '836C4A52-A815-4662-BDC2-3F5DF22F20D7');
insert into tag_option (id, obj_version, label, sequence, value, tag_id) values (newId(), 0, 'label.registration.country.et', 70, 'et', '836C4A52-A815-4662-BDC2-3F5DF22F20D7');
insert into tag_option (id, obj_version, label, sequence, value, tag_id) values (newId(), 0, 'label.registration.country.fk', 71, 'fk', '836C4A52-A815-4662-BDC2-3F5DF22F20D7');
insert into tag_option (id, obj_version, label, sequence, value, tag_id) values (newId(), 0, 'label.registration.country.fo', 72, 'fo', '836C4A52-A815-4662-BDC2-3F5DF22F20D7');
insert into tag_option (id, obj_version, label, sequence, value, tag_id) values (newId(), 0, 'label.registration.country.fj', 73, 'fj', '836C4A52-A815-4662-BDC2-3F5DF22F20D7');
insert into tag_option (id, obj_version, label, sequence, value, tag_id) values (newId(), 0, 'label.registration.country.fi', 74, 'fi', '836C4A52-A815-4662-BDC2-3F5DF22F20D7');
insert into tag_option (id, obj_version, label, sequence, value, tag_id) values (newId(), 0, 'label.registration.country.fr', 75, 'fr', '836C4A52-A815-4662-BDC2-3F5DF22F20D7');
insert into tag_option (id, obj_version, label, sequence, value, tag_id) values (newId(), 0, 'label.registration.country.gf', 76, 'gf', '836C4A52-A815-4662-BDC2-3F5DF22F20D7');
insert into tag_option (id, obj_version, label, sequence, value, tag_id) values (newId(), 0, 'label.registration.country.pf', 77, 'pf', '836C4A52-A815-4662-BDC2-3F5DF22F20D7');
insert into tag_option (id, obj_version, label, sequence, value, tag_id) values (newId(), 0, 'label.registration.country.tf', 78, 'tf', '836C4A52-A815-4662-BDC2-3F5DF22F20D7');
insert into tag_option (id, obj_version, label, sequence, value, tag_id) values (newId(), 0, 'label.registration.country.ga', 79, 'ga', '836C4A52-A815-4662-BDC2-3F5DF22F20D7');
insert into tag_option (id, obj_version, label, sequence, value, tag_id) values (newId(), 0, 'label.registration.country.gm', 80, 'gm', '836C4A52-A815-4662-BDC2-3F5DF22F20D7');
insert into tag_option (id, obj_version, label, sequence, value, tag_id) values (newId(), 0, 'label.registration.country.ge', 81, 'ge', '836C4A52-A815-4662-BDC2-3F5DF22F20D7');
insert into tag_option (id, obj_version, label, sequence, value, tag_id) values (newId(), 0, 'label.registration.country.de', 82, 'de', '836C4A52-A815-4662-BDC2-3F5DF22F20D7');
insert into tag_option (id, obj_version, label, sequence, value, tag_id) values (newId(), 0, 'label.registration.country.gh', 83, 'gh', '836C4A52-A815-4662-BDC2-3F5DF22F20D7');
insert into tag_option (id, obj_version, label, sequence, value, tag_id) values (newId(), 0, 'label.registration.country.gi', 84, 'gi', '836C4A52-A815-4662-BDC2-3F5DF22F20D7');
insert into tag_option (id, obj_version, label, sequence, value, tag_id) values (newId(), 0, 'label.registration.country.gr', 85, 'gr', '836C4A52-A815-4662-BDC2-3F5DF22F20D7');
insert into tag_option (id, obj_version, label, sequence, value, tag_id) values (newId(), 0, 'label.registration.country.gl', 86, 'gl', '836C4A52-A815-4662-BDC2-3F5DF22F20D7');
insert into tag_option (id, obj_version, label, sequence, value, tag_id) values (newId(), 0, 'label.registration.country.gd', 87, 'gd', '836C4A52-A815-4662-BDC2-3F5DF22F20D7');
insert into tag_option (id, obj_version, label, sequence, value, tag_id) values (newId(), 0, 'label.registration.country.gp', 88, 'gp', '836C4A52-A815-4662-BDC2-3F5DF22F20D7');
insert into tag_option (id, obj_version, label, sequence, value, tag_id) values (newId(), 0, 'label.registration.country.gu', 89, 'gu', '836C4A52-A815-4662-BDC2-3F5DF22F20D7');
insert into tag_option (id, obj_version, label, sequence, value, tag_id) values (newId(), 0, 'label.registration.country.gt', 90, 'gt', '836C4A52-A815-4662-BDC2-3F5DF22F20D7');
insert into tag_option (id, obj_version, label, sequence, value, tag_id) values (newId(), 0, 'label.registration.country.gg', 91, 'gg', '836C4A52-A815-4662-BDC2-3F5DF22F20D7');
insert into tag_option (id, obj_version, label, sequence, value, tag_id) values (newId(), 0, 'label.registration.country.gn', 92, 'gn', '836C4A52-A815-4662-BDC2-3F5DF22F20D7');
insert into tag_option (id, obj_version, label, sequence, value, tag_id) values (newId(), 0, 'label.registration.country.gw', 93, 'gw', '836C4A52-A815-4662-BDC2-3F5DF22F20D7');
insert into tag_option (id, obj_version, label, sequence, value, tag_id) values (newId(), 0, 'label.registration.country.gy', 94, 'gy', '836C4A52-A815-4662-BDC2-3F5DF22F20D7');
insert into tag_option (id, obj_version, label, sequence, value, tag_id) values (newId(), 0, 'label.registration.country.ht', 95, 'ht', '836C4A52-A815-4662-BDC2-3F5DF22F20D7');
insert into tag_option (id, obj_version, label, sequence, value, tag_id) values (newId(), 0, 'label.registration.country.hm', 96, 'hm', '836C4A52-A815-4662-BDC2-3F5DF22F20D7');
insert into tag_option (id, obj_version, label, sequence, value, tag_id) values (newId(), 0, 'label.registration.country.va', 97, 'va', '836C4A52-A815-4662-BDC2-3F5DF22F20D7');
insert into tag_option (id, obj_version, label, sequence, value, tag_id) values (newId(), 0, 'label.registration.country.hn', 98, 'hn', '836C4A52-A815-4662-BDC2-3F5DF22F20D7');
insert into tag_option (id, obj_version, label, sequence, value, tag_id) values (newId(), 0, 'label.registration.country.hk', 99, 'hk', '836C4A52-A815-4662-BDC2-3F5DF22F20D7');
insert into tag_option (id, obj_version, label, sequence, value, tag_id) values (newId(), 0, 'label.registration.country.hu', 100, 'hu', '836C4A52-A815-4662-BDC2-3F5DF22F20D7');
insert into tag_option (id, obj_version, label, sequence, value, tag_id) values (newId(), 0, 'label.registration.country.is', 101, 'is', '836C4A52-A815-4662-BDC2-3F5DF22F20D7');
insert into tag_option (id, obj_version, label, sequence, value, tag_id) values (newId(), 0, 'label.registration.country.in', 102, 'in', '836C4A52-A815-4662-BDC2-3F5DF22F20D7');
insert into tag_option (id, obj_version, label, sequence, value, tag_id) values (newId(), 0, 'label.registration.country.id', 103, 'id', '836C4A52-A815-4662-BDC2-3F5DF22F20D7');
insert into tag_option (id, obj_version, label, sequence, value, tag_id) values (newId(), 0, 'label.registration.country.ir', 104, 'ir', '836C4A52-A815-4662-BDC2-3F5DF22F20D7');
insert into tag_option (id, obj_version, label, sequence, value, tag_id) values (newId(), 0, 'label.registration.country.iq', 105, 'iq', '836C4A52-A815-4662-BDC2-3F5DF22F20D7');
insert into tag_option (id, obj_version, label, sequence, value, tag_id) values (newId(), 0, 'label.registration.country.ie', 106, 'ie', '836C4A52-A815-4662-BDC2-3F5DF22F20D7');
insert into tag_option (id, obj_version, label, sequence, value, tag_id) values (newId(), 0, 'label.registration.country.im', 107, 'im', '836C4A52-A815-4662-BDC2-3F5DF22F20D7');
insert into tag_option (id, obj_version, label, sequence, value, tag_id) values (newId(), 0, 'label.registration.country.il', 108, 'il', '836C4A52-A815-4662-BDC2-3F5DF22F20D7');
insert into tag_option (id, obj_version, label, sequence, value, tag_id) values (newId(), 0, 'label.registration.country.it', 109, 'it', '836C4A52-A815-4662-BDC2-3F5DF22F20D7');
insert into tag_option (id, obj_version, label, sequence, value, tag_id) values (newId(), 0, 'label.registration.country.jm', 110, 'jm', '836C4A52-A815-4662-BDC2-3F5DF22F20D7');
insert into tag_option (id, obj_version, label, sequence, value, tag_id) values (newId(), 0, 'label.registration.country.jp', 111, 'jp', '836C4A52-A815-4662-BDC2-3F5DF22F20D7');
insert into tag_option (id, obj_version, label, sequence, value, tag_id) values (newId(), 0, 'label.registration.country.je', 112, 'je', '836C4A52-A815-4662-BDC2-3F5DF22F20D7');
insert into tag_option (id, obj_version, label, sequence, value, tag_id) values (newId(), 0, 'label.registration.country.jo', 113, 'jo', '836C4A52-A815-4662-BDC2-3F5DF22F20D7');
insert into tag_option (id, obj_version, label, sequence, value, tag_id) values (newId(), 0, 'label.registration.country.kz', 114, 'kz', '836C4A52-A815-4662-BDC2-3F5DF22F20D7');
insert into tag_option (id, obj_version, label, sequence, value, tag_id) values (newId(), 0, 'label.registration.country.ke', 115, 'ke', '836C4A52-A815-4662-BDC2-3F5DF22F20D7');
insert into tag_option (id, obj_version, label, sequence, value, tag_id) values (newId(), 0, 'label.registration.country.ki', 116, 'ki', '836C4A52-A815-4662-BDC2-3F5DF22F20D7');
insert into tag_option (id, obj_version, label, sequence, value, tag_id) values (newId(), 0, 'label.registration.country.kp', 117, 'kp', '836C4A52-A815-4662-BDC2-3F5DF22F20D7');
insert into tag_option (id, obj_version, label, sequence, value, tag_id) values (newId(), 0, 'label.registration.country.kr', 118, 'kr', '836C4A52-A815-4662-BDC2-3F5DF22F20D7');
insert into tag_option (id, obj_version, label, sequence, value, tag_id) values (newId(), 0, 'label.registration.country.kw', 119, 'kw', '836C4A52-A815-4662-BDC2-3F5DF22F20D7');
insert into tag_option (id, obj_version, label, sequence, value, tag_id) values (newId(), 0, 'label.registration.country.kg', 120, 'kg', '836C4A52-A815-4662-BDC2-3F5DF22F20D7');
insert into tag_option (id, obj_version, label, sequence, value, tag_id) values (newId(), 0, 'label.registration.country.la', 121, 'la', '836C4A52-A815-4662-BDC2-3F5DF22F20D7');
insert into tag_option (id, obj_version, label, sequence, value, tag_id) values (newId(), 0, 'label.registration.country.lv', 122, 'lv', '836C4A52-A815-4662-BDC2-3F5DF22F20D7');
insert into tag_option (id, obj_version, label, sequence, value, tag_id) values (newId(), 0, 'label.registration.country.lb', 123, 'lb', '836C4A52-A815-4662-BDC2-3F5DF22F20D7');
insert into tag_option (id, obj_version, label, sequence, value, tag_id) values (newId(), 0, 'label.registration.country.ls', 124, 'ls', '836C4A52-A815-4662-BDC2-3F5DF22F20D7');
insert into tag_option (id, obj_version, label, sequence, value, tag_id) values (newId(), 0, 'label.registration.country.lr', 125, 'lr', '836C4A52-A815-4662-BDC2-3F5DF22F20D7');
insert into tag_option (id, obj_version, label, sequence, value, tag_id) values (newId(), 0, 'label.registration.country.ly', 126, 'ly', '836C4A52-A815-4662-BDC2-3F5DF22F20D7');
insert into tag_option (id, obj_version, label, sequence, value, tag_id) values (newId(), 0, 'label.registration.country.li', 127, 'li', '836C4A52-A815-4662-BDC2-3F5DF22F20D7');
insert into tag_option (id, obj_version, label, sequence, value, tag_id) values (newId(), 0, 'label.registration.country.lt', 128, 'lt', '836C4A52-A815-4662-BDC2-3F5DF22F20D7');
insert into tag_option (id, obj_version, label, sequence, value, tag_id) values (newId(), 0, 'label.registration.country.lu', 129, 'lu', '836C4A52-A815-4662-BDC2-3F5DF22F20D7');
insert into tag_option (id, obj_version, label, sequence, value, tag_id) values (newId(), 0, 'label.registration.country.mo', 130, 'mo', '836C4A52-A815-4662-BDC2-3F5DF22F20D7');
insert into tag_option (id, obj_version, label, sequence, value, tag_id) values (newId(), 0, 'label.registration.country.mk', 131, 'mk', '836C4A52-A815-4662-BDC2-3F5DF22F20D7');
insert into tag_option (id, obj_version, label, sequence, value, tag_id) values (newId(), 0, 'label.registration.country.mg', 132, 'mg', '836C4A52-A815-4662-BDC2-3F5DF22F20D7');
insert into tag_option (id, obj_version, label, sequence, value, tag_id) values (newId(), 0, 'label.registration.country.mw', 133, 'mw', '836C4A52-A815-4662-BDC2-3F5DF22F20D7');
insert into tag_option (id, obj_version, label, sequence, value, tag_id) values (newId(), 0, 'label.registration.country.my', 134, 'my', '836C4A52-A815-4662-BDC2-3F5DF22F20D7');
insert into tag_option (id, obj_version, label, sequence, value, tag_id) values (newId(), 0, 'label.registration.country.mv', 135, 'mv', '836C4A52-A815-4662-BDC2-3F5DF22F20D7');
insert into tag_option (id, obj_version, label, sequence, value, tag_id) values (newId(), 0, 'label.registration.country.ml', 136, 'ml', '836C4A52-A815-4662-BDC2-3F5DF22F20D7');
insert into tag_option (id, obj_version, label, sequence, value, tag_id) values (newId(), 0, 'label.registration.country.mt', 137, 'mt', '836C4A52-A815-4662-BDC2-3F5DF22F20D7');
insert into tag_option (id, obj_version, label, sequence, value, tag_id) values (newId(), 0, 'label.registration.country.mh', 138, 'mh', '836C4A52-A815-4662-BDC2-3F5DF22F20D7');
insert into tag_option (id, obj_version, label, sequence, value, tag_id) values (newId(), 0, 'label.registration.country.mq', 139, 'mq', '836C4A52-A815-4662-BDC2-3F5DF22F20D7');
insert into tag_option (id, obj_version, label, sequence, value, tag_id) values (newId(), 0, 'label.registration.country.mr', 140, 'mr', '836C4A52-A815-4662-BDC2-3F5DF22F20D7');
insert into tag_option (id, obj_version, label, sequence, value, tag_id) values (newId(), 0, 'label.registration.country.mu', 141, 'mu', '836C4A52-A815-4662-BDC2-3F5DF22F20D7');
insert into tag_option (id, obj_version, label, sequence, value, tag_id) values (newId(), 0, 'label.registration.country.yt', 142, 'yt', '836C4A52-A815-4662-BDC2-3F5DF22F20D7');
insert into tag_option (id, obj_version, label, sequence, value, tag_id) values (newId(), 0, 'label.registration.country.mx', 143, 'mx', '836C4A52-A815-4662-BDC2-3F5DF22F20D7');
insert into tag_option (id, obj_version, label, sequence, value, tag_id) values (newId(), 0, 'label.registration.country.fm', 144, 'fm', '836C4A52-A815-4662-BDC2-3F5DF22F20D7');
insert into tag_option (id, obj_version, label, sequence, value, tag_id) values (newId(), 0, 'label.registration.country.md', 145, 'md', '836C4A52-A815-4662-BDC2-3F5DF22F20D7');
insert into tag_option (id, obj_version, label, sequence, value, tag_id) values (newId(), 0, 'label.registration.country.mc', 146, 'mc', '836C4A52-A815-4662-BDC2-3F5DF22F20D7');
insert into tag_option (id, obj_version, label, sequence, value, tag_id) values (newId(), 0, 'label.registration.country.mn', 147, 'mn', '836C4A52-A815-4662-BDC2-3F5DF22F20D7');
insert into tag_option (id, obj_version, label, sequence, value, tag_id) values (newId(), 0, 'label.registration.country.me', 148, 'me', '836C4A52-A815-4662-BDC2-3F5DF22F20D7');
insert into tag_option (id, obj_version, label, sequence, value, tag_id) values (newId(), 0, 'label.registration.country.ms', 149, 'ms', '836C4A52-A815-4662-BDC2-3F5DF22F20D7');
insert into tag_option (id, obj_version, label, sequence, value, tag_id) values (newId(), 0, 'label.registration.country.ma', 150, 'ma', '836C4A52-A815-4662-BDC2-3F5DF22F20D7');
insert into tag_option (id, obj_version, label, sequence, value, tag_id) values (newId(), 0, 'label.registration.country.mz', 151, 'mz', '836C4A52-A815-4662-BDC2-3F5DF22F20D7');
insert into tag_option (id, obj_version, label, sequence, value, tag_id) values (newId(), 0, 'label.registration.country.mm', 152, 'mm', '836C4A52-A815-4662-BDC2-3F5DF22F20D7');
insert into tag_option (id, obj_version, label, sequence, value, tag_id) values (newId(), 0, 'label.registration.country.na', 153, 'na', '836C4A52-A815-4662-BDC2-3F5DF22F20D7');
insert into tag_option (id, obj_version, label, sequence, value, tag_id) values (newId(), 0, 'label.registration.country.nr', 154, 'nr', '836C4A52-A815-4662-BDC2-3F5DF22F20D7');
insert into tag_option (id, obj_version, label, sequence, value, tag_id) values (newId(), 0, 'label.registration.country.np', 155, 'np', '836C4A52-A815-4662-BDC2-3F5DF22F20D7');
insert into tag_option (id, obj_version, label, sequence, value, tag_id) values (newId(), 0, 'label.registration.country.nl', 156, 'nl', '836C4A52-A815-4662-BDC2-3F5DF22F20D7');
insert into tag_option (id, obj_version, label, sequence, value, tag_id) values (newId(), 0, 'label.registration.country.nc', 157, 'nc', '836C4A52-A815-4662-BDC2-3F5DF22F20D7');
insert into tag_option (id, obj_version, label, sequence, value, tag_id) values (newId(), 0, 'label.registration.country.nz', 158, 'nz', '836C4A52-A815-4662-BDC2-3F5DF22F20D7');
insert into tag_option (id, obj_version, label, sequence, value, tag_id) values (newId(), 0, 'label.registration.country.ni', 159, 'ni', '836C4A52-A815-4662-BDC2-3F5DF22F20D7');
insert into tag_option (id, obj_version, label, sequence, value, tag_id) values (newId(), 0, 'label.registration.country.ne', 160, 'ne', '836C4A52-A815-4662-BDC2-3F5DF22F20D7');
insert into tag_option (id, obj_version, label, sequence, value, tag_id) values (newId(), 0, 'label.registration.country.ng', 161, 'ng', '836C4A52-A815-4662-BDC2-3F5DF22F20D7');
insert into tag_option (id, obj_version, label, sequence, value, tag_id) values (newId(), 0, 'label.registration.country.nu', 162, 'nu', '836C4A52-A815-4662-BDC2-3F5DF22F20D7');
insert into tag_option (id, obj_version, label, sequence, value, tag_id) values (newId(), 0, 'label.registration.country.nf', 163, 'nf', '836C4A52-A815-4662-BDC2-3F5DF22F20D7');
insert into tag_option (id, obj_version, label, sequence, value, tag_id) values (newId(), 0, 'label.registration.country.mp', 164, 'mp', '836C4A52-A815-4662-BDC2-3F5DF22F20D7');
insert into tag_option (id, obj_version, label, sequence, value, tag_id) values (newId(), 0, 'label.registration.country.no', 165, 'no', '836C4A52-A815-4662-BDC2-3F5DF22F20D7');
insert into tag_option (id, obj_version, label, sequence, value, tag_id) values (newId(), 0, 'label.registration.country.om', 166, 'om', '836C4A52-A815-4662-BDC2-3F5DF22F20D7');
insert into tag_option (id, obj_version, label, sequence, value, tag_id) values (newId(), 0, 'label.registration.country.pk', 167, 'pk', '836C4A52-A815-4662-BDC2-3F5DF22F20D7');
insert into tag_option (id, obj_version, label, sequence, value, tag_id) values (newId(), 0, 'label.registration.country.pw', 168, 'pw', '836C4A52-A815-4662-BDC2-3F5DF22F20D7');
insert into tag_option (id, obj_version, label, sequence, value, tag_id) values (newId(), 0, 'label.registration.country.ps', 169, 'ps', '836C4A52-A815-4662-BDC2-3F5DF22F20D7');
insert into tag_option (id, obj_version, label, sequence, value, tag_id) values (newId(), 0, 'label.registration.country.pa', 170, 'pa', '836C4A52-A815-4662-BDC2-3F5DF22F20D7');
insert into tag_option (id, obj_version, label, sequence, value, tag_id) values (newId(), 0, 'label.registration.country.pg', 171, 'pg', '836C4A52-A815-4662-BDC2-3F5DF22F20D7');
insert into tag_option (id, obj_version, label, sequence, value, tag_id) values (newId(), 0, 'label.registration.country.py', 172, 'py', '836C4A52-A815-4662-BDC2-3F5DF22F20D7');
insert into tag_option (id, obj_version, label, sequence, value, tag_id) values (newId(), 0, 'label.registration.country.pe', 173, 'pe', '836C4A52-A815-4662-BDC2-3F5DF22F20D7');
insert into tag_option (id, obj_version, label, sequence, value, tag_id) values (newId(), 0, 'label.registration.country.ph', 174, 'ph', '836C4A52-A815-4662-BDC2-3F5DF22F20D7');
insert into tag_option (id, obj_version, label, sequence, value, tag_id) values (newId(), 0, 'label.registration.country.pn', 175, 'pn', '836C4A52-A815-4662-BDC2-3F5DF22F20D7');
insert into tag_option (id, obj_version, label, sequence, value, tag_id) values (newId(), 0, 'label.registration.country.pl', 176, 'pl', '836C4A52-A815-4662-BDC2-3F5DF22F20D7');
insert into tag_option (id, obj_version, label, sequence, value, tag_id) values (newId(), 0, 'label.registration.country.pt', 177, 'pt', '836C4A52-A815-4662-BDC2-3F5DF22F20D7');
insert into tag_option (id, obj_version, label, sequence, value, tag_id) values (newId(), 0, 'label.registration.country.pr', 178, 'pr', '836C4A52-A815-4662-BDC2-3F5DF22F20D7');
insert into tag_option (id, obj_version, label, sequence, value, tag_id) values (newId(), 0, 'label.registration.country.qa', 179, 'qa', '836C4A52-A815-4662-BDC2-3F5DF22F20D7');
insert into tag_option (id, obj_version, label, sequence, value, tag_id) values (newId(), 0, 'label.registration.country.re', 180, 're', '836C4A52-A815-4662-BDC2-3F5DF22F20D7');
insert into tag_option (id, obj_version, label, sequence, value, tag_id) values (newId(), 0, 'label.registration.country.ro', 181, 'ro', '836C4A52-A815-4662-BDC2-3F5DF22F20D7');
insert into tag_option (id, obj_version, label, sequence, value, tag_id) values (newId(), 0, 'label.registration.country.ru', 182, 'ru', '836C4A52-A815-4662-BDC2-3F5DF22F20D7');
insert into tag_option (id, obj_version, label, sequence, value, tag_id) values (newId(), 0, 'label.registration.country.rw', 183, 'rw', '836C4A52-A815-4662-BDC2-3F5DF22F20D7');
insert into tag_option (id, obj_version, label, sequence, value, tag_id) values (newId(), 0, 'label.registration.country.bl', 184, 'bl', '836C4A52-A815-4662-BDC2-3F5DF22F20D7');
insert into tag_option (id, obj_version, label, sequence, value, tag_id) values (newId(), 0, 'label.registration.country.sh', 185, 'sh', '836C4A52-A815-4662-BDC2-3F5DF22F20D7');
insert into tag_option (id, obj_version, label, sequence, value, tag_id) values (newId(), 0, 'label.registration.country.kn', 186, 'kn', '836C4A52-A815-4662-BDC2-3F5DF22F20D7');
insert into tag_option (id, obj_version, label, sequence, value, tag_id) values (newId(), 0, 'label.registration.country.lc', 187, 'lc', '836C4A52-A815-4662-BDC2-3F5DF22F20D7');
insert into tag_option (id, obj_version, label, sequence, value, tag_id) values (newId(), 0, 'label.registration.country.mf', 188, 'mf', '836C4A52-A815-4662-BDC2-3F5DF22F20D7');
insert into tag_option (id, obj_version, label, sequence, value, tag_id) values (newId(), 0, 'label.registration.country.pm', 189, 'pm', '836C4A52-A815-4662-BDC2-3F5DF22F20D7');
insert into tag_option (id, obj_version, label, sequence, value, tag_id) values (newId(), 0, 'label.registration.country.vc', 190, 'vc', '836C4A52-A815-4662-BDC2-3F5DF22F20D7');
insert into tag_option (id, obj_version, label, sequence, value, tag_id) values (newId(), 0, 'label.registration.country.ws', 191, 'ws', '836C4A52-A815-4662-BDC2-3F5DF22F20D7');
insert into tag_option (id, obj_version, label, sequence, value, tag_id) values (newId(), 0, 'label.registration.country.sm', 192, 'sm', '836C4A52-A815-4662-BDC2-3F5DF22F20D7');
insert into tag_option (id, obj_version, label, sequence, value, tag_id) values (newId(), 0, 'label.registration.country.st', 193, 'st', '836C4A52-A815-4662-BDC2-3F5DF22F20D7');
insert into tag_option (id, obj_version, label, sequence, value, tag_id) values (newId(), 0, 'label.registration.country.sa', 194, 'sa', '836C4A52-A815-4662-BDC2-3F5DF22F20D7');
insert into tag_option (id, obj_version, label, sequence, value, tag_id) values (newId(), 0, 'label.registration.country.sn', 195, 'sn', '836C4A52-A815-4662-BDC2-3F5DF22F20D7');
insert into tag_option (id, obj_version, label, sequence, value, tag_id) values (newId(), 0, 'label.registration.country.rs', 196, 'rs', '836C4A52-A815-4662-BDC2-3F5DF22F20D7');
insert into tag_option (id, obj_version, label, sequence, value, tag_id) values (newId(), 0, 'label.registration.country.sc', 197, 'sc', '836C4A52-A815-4662-BDC2-3F5DF22F20D7');
insert into tag_option (id, obj_version, label, sequence, value, tag_id) values (newId(), 0, 'label.registration.country.sl', 198, 'sl', '836C4A52-A815-4662-BDC2-3F5DF22F20D7');
insert into tag_option (id, obj_version, label, sequence, value, tag_id) values (newId(), 0, 'label.registration.country.sg', 199, 'sg', '836C4A52-A815-4662-BDC2-3F5DF22F20D7');
insert into tag_option (id, obj_version, label, sequence, value, tag_id) values (newId(), 0, 'label.registration.country.sx', 200, 'sx', '836C4A52-A815-4662-BDC2-3F5DF22F20D7');
insert into tag_option (id, obj_version, label, sequence, value, tag_id) values (newId(), 0, 'label.registration.country.sk', 201, 'sk', '836C4A52-A815-4662-BDC2-3F5DF22F20D7');
insert into tag_option (id, obj_version, label, sequence, value, tag_id) values (newId(), 0, 'label.registration.country.si', 202, 'si', '836C4A52-A815-4662-BDC2-3F5DF22F20D7');
insert into tag_option (id, obj_version, label, sequence, value, tag_id) values (newId(), 0, 'label.registration.country.sb', 203, 'sb', '836C4A52-A815-4662-BDC2-3F5DF22F20D7');
insert into tag_option (id, obj_version, label, sequence, value, tag_id) values (newId(), 0, 'label.registration.country.so', 204, 'so', '836C4A52-A815-4662-BDC2-3F5DF22F20D7');
insert into tag_option (id, obj_version, label, sequence, value, tag_id) values (newId(), 0, 'label.registration.country.za', 205, 'za', '836C4A52-A815-4662-BDC2-3F5DF22F20D7');
insert into tag_option (id, obj_version, label, sequence, value, tag_id) values (newId(), 0, 'label.registration.country.gs', 206, 'gs', '836C4A52-A815-4662-BDC2-3F5DF22F20D7');
insert into tag_option (id, obj_version, label, sequence, value, tag_id) values (newId(), 0, 'label.registration.country.ss', 207, 'ss', '836C4A52-A815-4662-BDC2-3F5DF22F20D7');
insert into tag_option (id, obj_version, label, sequence, value, tag_id) values (newId(), 0, 'label.registration.country.es', 208, 'es', '836C4A52-A815-4662-BDC2-3F5DF22F20D7');
insert into tag_option (id, obj_version, label, sequence, value, tag_id) values (newId(), 0, 'label.registration.country.lk', 209, 'lk', '836C4A52-A815-4662-BDC2-3F5DF22F20D7');
insert into tag_option (id, obj_version, label, sequence, value, tag_id) values (newId(), 0, 'label.registration.country.sd', 210, 'sd', '836C4A52-A815-4662-BDC2-3F5DF22F20D7');
insert into tag_option (id, obj_version, label, sequence, value, tag_id) values (newId(), 0, 'label.registration.country.sr', 211, 'sr', '836C4A52-A815-4662-BDC2-3F5DF22F20D7');
insert into tag_option (id, obj_version, label, sequence, value, tag_id) values (newId(), 0, 'label.registration.country.sj', 212, 'sj', '836C4A52-A815-4662-BDC2-3F5DF22F20D7');
insert into tag_option (id, obj_version, label, sequence, value, tag_id) values (newId(), 0, 'label.registration.country.sz', 213, 'sz', '836C4A52-A815-4662-BDC2-3F5DF22F20D7');
insert into tag_option (id, obj_version, label, sequence, value, tag_id) values (newId(), 0, 'label.registration.country.se', 214, 'se', '836C4A52-A815-4662-BDC2-3F5DF22F20D7');
insert into tag_option (id, obj_version, label, sequence, value, tag_id) values (newId(), 0, 'label.registration.country.ch', 215, 'ch', '836C4A52-A815-4662-BDC2-3F5DF22F20D7');
insert into tag_option (id, obj_version, label, sequence, value, tag_id) values (newId(), 0, 'label.registration.country.sy', 216, 'sy', '836C4A52-A815-4662-BDC2-3F5DF22F20D7');
insert into tag_option (id, obj_version, label, sequence, value, tag_id) values (newId(), 0, 'label.registration.country.tw', 217, 'tw', '836C4A52-A815-4662-BDC2-3F5DF22F20D7');
insert into tag_option (id, obj_version, label, sequence, value, tag_id) values (newId(), 0, 'label.registration.country.tj', 218, 'tj', '836C4A52-A815-4662-BDC2-3F5DF22F20D7');
insert into tag_option (id, obj_version, label, sequence, value, tag_id) values (newId(), 0, 'label.registration.country.tz', 219, 'tz', '836C4A52-A815-4662-BDC2-3F5DF22F20D7');
insert into tag_option (id, obj_version, label, sequence, value, tag_id) values (newId(), 0, 'label.registration.country.th', 220, 'th', '836C4A52-A815-4662-BDC2-3F5DF22F20D7');
insert into tag_option (id, obj_version, label, sequence, value, tag_id) values (newId(), 0, 'label.registration.country.tl', 221, 'tl', '836C4A52-A815-4662-BDC2-3F5DF22F20D7');
insert into tag_option (id, obj_version, label, sequence, value, tag_id) values (newId(), 0, 'label.registration.country.tg', 222, 'tg', '836C4A52-A815-4662-BDC2-3F5DF22F20D7');
insert into tag_option (id, obj_version, label, sequence, value, tag_id) values (newId(), 0, 'label.registration.country.tk', 223, 'tk', '836C4A52-A815-4662-BDC2-3F5DF22F20D7');
insert into tag_option (id, obj_version, label, sequence, value, tag_id) values (newId(), 0, 'label.registration.country.to', 224, 'to', '836C4A52-A815-4662-BDC2-3F5DF22F20D7');
insert into tag_option (id, obj_version, label, sequence, value, tag_id) values (newId(), 0, 'label.registration.country.tt', 225, 'tt', '836C4A52-A815-4662-BDC2-3F5DF22F20D7');
insert into tag_option (id, obj_version, label, sequence, value, tag_id) values (newId(), 0, 'label.registration.country.tn', 226, 'tn', '836C4A52-A815-4662-BDC2-3F5DF22F20D7');
insert into tag_option (id, obj_version, label, sequence, value, tag_id) values (newId(), 0, 'label.registration.country.tr', 227, 'tr', '836C4A52-A815-4662-BDC2-3F5DF22F20D7');
insert into tag_option (id, obj_version, label, sequence, value, tag_id) values (newId(), 0, 'label.registration.country.tm', 228, 'tm', '836C4A52-A815-4662-BDC2-3F5DF22F20D7');
insert into tag_option (id, obj_version, label, sequence, value, tag_id) values (newId(), 0, 'label.registration.country.tc', 229, 'tc', '836C4A52-A815-4662-BDC2-3F5DF22F20D7');
insert into tag_option (id, obj_version, label, sequence, value, tag_id) values (newId(), 0, 'label.registration.country.tv', 230, 'tv', '836C4A52-A815-4662-BDC2-3F5DF22F20D7');
insert into tag_option (id, obj_version, label, sequence, value, tag_id) values (newId(), 0, 'label.registration.country.ug', 231, 'ug', '836C4A52-A815-4662-BDC2-3F5DF22F20D7');
insert into tag_option (id, obj_version, label, sequence, value, tag_id) values (newId(), 0, 'label.registration.country.ua', 232, 'ua', '836C4A52-A815-4662-BDC2-3F5DF22F20D7');
insert into tag_option (id, obj_version, label, sequence, value, tag_id) values (newId(), 0, 'label.registration.country.ae', 233, 'ae', '836C4A52-A815-4662-BDC2-3F5DF22F20D7');
insert into tag_option (id, obj_version, label, sequence, value, tag_id) values (newId(), 0, 'label.registration.country.gb', 234, 'gb', '836C4A52-A815-4662-BDC2-3F5DF22F20D7');
insert into tag_option (id, obj_version, label, sequence, value, tag_id) values (newId(), 0, 'label.registration.country.us', 235, 'us', '836C4A52-A815-4662-BDC2-3F5DF22F20D7');
insert into tag_option (id, obj_version, label, sequence, value, tag_id) values (newId(), 0, 'label.registration.country.um', 236, 'um', '836C4A52-A815-4662-BDC2-3F5DF22F20D7');
insert into tag_option (id, obj_version, label, sequence, value, tag_id) values (newId(), 0, 'label.registration.country.uy', 237, 'uy', '836C4A52-A815-4662-BDC2-3F5DF22F20D7');
insert into tag_option (id, obj_version, label, sequence, value, tag_id) values (newId(), 0, 'label.registration.country.uz', 238, 'uz', '836C4A52-A815-4662-BDC2-3F5DF22F20D7');
insert into tag_option (id, obj_version, label, sequence, value, tag_id) values (newId(), 0, 'label.registration.country.vu', 239, 'vu', '836C4A52-A815-4662-BDC2-3F5DF22F20D7');
insert into tag_option (id, obj_version, label, sequence, value, tag_id) values (newId(), 0, 'label.registration.country.ve', 240, 've', '836C4A52-A815-4662-BDC2-3F5DF22F20D7');
insert into tag_option (id, obj_version, label, sequence, value, tag_id) values (newId(), 0, 'label.registration.country.vn', 241, 'vn', '836C4A52-A815-4662-BDC2-3F5DF22F20D7');
insert into tag_option (id, obj_version, label, sequence, value, tag_id) values (newId(), 0, 'label.registration.country.vg', 242, 'vg', '836C4A52-A815-4662-BDC2-3F5DF22F20D7');
insert into tag_option (id, obj_version, label, sequence, value, tag_id) values (newId(), 0, 'label.registration.country.vi', 243, 'vi', '836C4A52-A815-4662-BDC2-3F5DF22F20D7');
insert into tag_option (id, obj_version, label, sequence, value, tag_id) values (newId(), 0, 'label.registration.country.wf', 244, 'wf', '836C4A52-A815-4662-BDC2-3F5DF22F20D7');
insert into tag_option (id, obj_version, label, sequence, value, tag_id) values (newId(), 0, 'label.registration.country.eh', 245, 'eh', '836C4A52-A815-4662-BDC2-3F5DF22F20D7');
insert into tag_option (id, obj_version, label, sequence, value, tag_id) values (newId(), 0, 'label.registration.country.ye', 246, 'ye', '836C4A52-A815-4662-BDC2-3F5DF22F20D7');
insert into tag_option (id, obj_version, label, sequence, value, tag_id) values (newId(), 0, 'label.registration.country.zm', 247, 'zm', '836C4A52-A815-4662-BDC2-3F5DF22F20D7');
insert into tag_option (id, obj_version, label, sequence, value, tag_id) values (newId(), 0, 'label.registration.country.zw', 248, 'zw', '836C4A52-A815-4662-BDC2-3F5DF22F20D7');
insert into element_country_restriction (id, obj_version, element_id, locale) values (newId(), 0, '94F31263-1518-484B-A4F7-1211E2B639C4', 'en_AU');
insert into element_country_restriction (id, obj_version, element_id, locale) values (newId(), 0, '94F31263-1518-484B-A4F7-1211E2B639C4', 'en_NZ');
insert into element_country_restriction (id, obj_version, element_id, locale) values (newId(), 0, '94F31263-1518-484B-A4F7-1211E2B639C4', 'en_HK');
insert into element_country_restriction (id, obj_version, element_id, locale) values (newId(), 0, '94F31263-1518-484B-A4F7-1211E2B639C4', 'en_TR');
insert into element_country_restriction (id, obj_version, element_id, locale) values (newId(), 0, '94F31263-1518-484B-A4F7-1211E2B639C4', 'tr_TR');
insert into element_country_restriction (id, obj_version, element_id, locale) values (newId(), 0, '94F31263-1518-484B-A4F7-1211E2B639C4', 'ms_MY');
insert into element_country_restriction (id, obj_version, element_id, locale) values (newId(), 0, '94F31263-1518-484B-A4F7-1211E2B639C4', 'en_CN');
insert into element_country_restriction (id, obj_version, element_id, locale) values (newId(), 0, '94F31263-1518-484B-A4F7-1211E2B639C4', 'en_AO');
insert into element_country_restriction (id, obj_version, element_id, locale) values (newId(), 0, '94F31263-1518-484B-A4F7-1211E2B639C4', 'en_BT');
insert into element_country_restriction (id, obj_version, element_id, locale) values (newId(), 0, '94F31263-1518-484B-A4F7-1211E2B639C4', 'en_BW');
insert into element_country_restriction (id, obj_version, element_id, locale) values (newId(), 0, '94F31263-1518-484B-A4F7-1211E2B639C4', 'en_BI');
insert into element_country_restriction (id, obj_version, element_id, locale) values (newId(), 0, '94F31263-1518-484B-A4F7-1211E2B639C4', 'en_CA');
insert into element_country_restriction (id, obj_version, element_id, locale) values (newId(), 0, '94F31263-1518-484B-A4F7-1211E2B639C4', 'en_IN');
insert into element_country_restriction (id, obj_version, element_id, locale) values (newId(), 0, '94F31263-1518-484B-A4F7-1211E2B639C4', 'en_KE');
insert into element_country_restriction (id, obj_version, element_id, locale) values (newId(), 0, '94F31263-1518-484B-A4F7-1211E2B639C4', 'en_LS');
insert into element_country_restriction (id, obj_version, element_id, locale) values (newId(), 0, '94F31263-1518-484B-A4F7-1211E2B639C4', 'en_ML');
insert into element_country_restriction (id, obj_version, element_id, locale) values (newId(), 0, '94F31263-1518-484B-A4F7-1211E2B639C4', 'en_MZ');
insert into element_country_restriction (id, obj_version, element_id, locale) values (newId(), 0, '94F31263-1518-484B-A4F7-1211E2B639C4', 'en_NA');
insert into element_country_restriction (id, obj_version, element_id, locale) values (newId(), 0, '94F31263-1518-484B-A4F7-1211E2B639C4', 'en_NP');
insert into element_country_restriction (id, obj_version, element_id, locale) values (newId(), 0, '94F31263-1518-484B-A4F7-1211E2B639C4', 'en_PK');
insert into element_country_restriction (id, obj_version, element_id, locale) values (newId(), 0, '94F31263-1518-484B-A4F7-1211E2B639C4', 'en_RW');
insert into element_country_restriction (id, obj_version, element_id, locale) values (newId(), 0, '94F31263-1518-484B-A4F7-1211E2B639C4', 'en_SK');
insert into element_country_restriction (id, obj_version, element_id, locale) values (newId(), 0, '94F31263-1518-484B-A4F7-1211E2B639C4', 'en_ZA');
insert into element_country_restriction (id, obj_version, element_id, locale) values (newId(), 0, '94F31263-1518-484B-A4F7-1211E2B639C4', 'en_LK');
insert into element_country_restriction (id, obj_version, element_id, locale) values (newId(), 0, '94F31263-1518-484B-A4F7-1211E2B639C4', 'en_SZ');
insert into element_country_restriction (id, obj_version, element_id, locale) values (newId(), 0, '94F31263-1518-484B-A4F7-1211E2B639C4', 'en_TZ');
insert into element_country_restriction (id, obj_version, element_id, locale) values (newId(), 0, '94F31263-1518-484B-A4F7-1211E2B639C4', 'en_UG');
insert into element_country_restriction (id, obj_version, element_id, locale) values (newId(), 0, '94F31263-1518-484B-A4F7-1211E2B639C4', 'en_ZW');

-- Marketing component
insert into page_component (id,obj_version,component_id,sequence, page_definition_id) values (newId(), 0, '69323313-B3B4-46C5-A4A2-B501B9583829', 1, '2DBF57A4-9F9F-4651-8A42-6474E88C6B7D');

-- T&C's Component
insert into component (id,obj_version,label_key) values ('C767C62F-BC09-4868-B9F4-FD5B9B2306D4', 0, 'label.registration.tandc.header');
insert into page_component (id,obj_version,component_id,sequence, page_definition_id) values (newId(), 0, 'C767C62F-BC09-4868-B9F4-FD5B9B2306D4', 2, '2DBF57A4-9F9F-4651-8A42-6474E88C6B7D');

-- T&C's acceptance
insert into question(id,obj_version,description,element_text,product_specific) values ('9B076BEB-FAD6-42DF-8EB8-859CCB2A9116', 0, 'Oxford Owl terms', 'label.registration.oxford.owl.tandc', 0);
insert into element (id,obj_version,question_id,title_text,help_text,regular_expression) values ('5497316D-9369-4402-8E82-4C8E4DB4CC87', 0, '9B076BEB-FAD6-42DF-8EB8-859CCB2A9116', 'label.registration.oxford.owl.tandc', null, null);
insert into field (id, obj_version, sequence, element_id, component_id, default_value, required) values (newId(), 0, 0, '5497316D-9369-4402-8E82-4C8E4DB4CC87', 'C767C62F-BC09-4868-B9F4-FD5B9B2306D4', null, 1);
insert into tag (id, obj_version, tag_type, value, empty_option, element_id, url) values (newId(), 0, 'CHECKBOX', '', 0, '5497316D-9369-4402-8E82-4C8E4DB4CC87', '');

--T&C's link
insert into question(id,obj_version,description,element_text,product_specific) values ('CDD7445F-6CEF-4AE3-B311-BC63D996EA09', 0, 'Oxford Owl terms link', 'label.registration.oxford.owl.tandc.link', 0);
insert into element (id,obj_version,question_id,title_text,help_text,regular_expression) values ('8E91EE77-6652-47B3-AA0F-210658328436', 0, 'CDD7445F-6CEF-4AE3-B311-BC63D996EA09', 'label.registration.oxford.owl.tandc.link', '', '');
insert into field (id, obj_version, sequence, element_id, component_id, default_value, required) values (newId(), 0, 1, '8E91EE77-6652-47B3-AA0F-210658328436', 'C767C62F-BC09-4868-B9F4-FD5B9B2306D4', '', 0);
insert into tag (id, obj_version, tag_type, value, empty_option, element_id, url, new_window) values (newId(), 0, 'URLLINK', '', 0, '8E91EE77-6652-47B3-AA0F-210658328436', 'http://www.oxfordowl.co.uk/oxfordowl/terms', 1);

END
GO